pdb_position,eigenvector_centrality,betweenness_centrality,node_degree,degree_centrality,average_neighbor_degree,clustering_coefficient,5_clique,4_clique,2_clique,3_clique,neighbor_pos_0,neighbor_pos_1,neighbor_pos_2,neighbor_pos_3,neighbor_pos_4,neighbor_pos_5,neighbor_pos_6,neighbor_pos_7,neighbor_pos_8,neighbor_pos_9,neighbor_pos_10,neighbor_pos_11,neighbor_pos_12
A100_2LZM,0.1914070893648166,0.06939538575107425,10,0.06134969325153374,9.6,0.4666666666666667,5.0,1.0,0.0,1.0,A74_2LZM,A75_2LZM,A96_2LZM,A97_2LZM,A98_2LZM,A99_2LZM,A101_2LZM,A102_2LZM,A103_2LZM,A104_2LZM,,,
A101_2LZM,0.1599643831022301,0.1071331100506081,9,0.05521472392638037,9.11111111111111,0.5,5.0,0.0,1.0,0.0,A7_2LZM,A97_2LZM,A98_2LZM,A99_2LZM,A100_2LZM,A102_2LZM,A103_2LZM,A104_2LZM,A105_2LZM,,,,
A102_2LZM,0.1646882928031371,0.038605308902137175,9,0.05521472392638037,9.11111111111111,0.5555555555555556,5.0,1.0,0.0,0.0,A98_2LZM,A99_2LZM,A100_2LZM,A101_2LZM,A103_2LZM,A104_2LZM,A105_2LZM,A106_2LZM,A111_2LZM,,,,
A103_2LZM,0.18288780050020392,0.04405805784752908,11,0.06748466257668712,8.818181818181818,0.4727272727272727,6.0,2.0,0.0,0.0,A74_2LZM,A99_2LZM,A100_2LZM,A101_2LZM,A102_2LZM,A104_2LZM,A105_2LZM,A106_2LZM,A107_2LZM,A108_2LZM,A111_2LZM,,
A104_2LZM,0.152076318340762,0.04626758533134819,9,0.05521472392638037,9.0,0.5,4.0,1.0,0.0,1.0,A71_2LZM,A74_2LZM,A100_2LZM,A101_2LZM,A102_2LZM,A103_2LZM,A105_2LZM,A106_2LZM,A107_2LZM,,,,
A105_2LZM,0.10408555475403662,0.001933990651231481,6,0.03680981595092025,9.0,0.8,3.0,0.0,0.0,0.0,A101_2LZM,A102_2LZM,A103_2LZM,A104_2LZM,A106_2LZM,A107_2LZM,,,,,,,
A106_2LZM,0.1202414897376537,0.008312728695367836,8,0.049079754601226995,8.625,0.6428571428571429,4.0,1.0,0.0,0.0,A102_2LZM,A103_2LZM,A104_2LZM,A105_2LZM,A107_2LZM,A108_2LZM,A110_2LZM,A111_2LZM,,,,,
A107_2LZM,0.10983314411096011,0.011813256918812874,8,0.049079754601226995,8.25,0.6071428571428571,4.0,0.0,0.0,0.0,A103_2LZM,A104_2LZM,A105_2LZM,A106_2LZM,A108_2LZM,A109_2LZM,A110_2LZM,A111_2LZM,,,,,
A108_2LZM,0.11542645760245034,0.015895868873836722,9,0.05521472392638037,8.666666666666666,0.4444444444444444,4.0,0.0,0.0,1.0,A77_2LZM,A78_2LZM,A103_2LZM,A106_2LZM,A107_2LZM,A109_2LZM,A110_2LZM,A111_2LZM,A112_2LZM,,,,
A109_2LZM,0.06531232085945565,0.0008237393998160344,6,0.03680981595092025,8.166666666666666,0.8,3.0,0.0,0.0,0.0,A107_2LZM,A108_2LZM,A110_2LZM,A111_2LZM,A112_2LZM,A113_2LZM,,,,,,,
A10_2LZM,0.02708725418355731,0.17801189896693365,7,0.04294478527607362,8.142857142857142,0.5714285714285714,3.0,0.0,1.0,0.0,A6_2LZM,A7_2LZM,A8_2LZM,A9_2LZM,A11_2LZM,A12_2LZM,A145_2LZM,,,,,,
A110_2LZM,0.07790610315137951,0.0015839919902243425,7,0.04294478527607362,8.0,0.7142857142857143,4.0,0.0,0.0,0.0,A106_2LZM,A107_2LZM,A108_2LZM,A109_2LZM,A111_2LZM,A112_2LZM,A113_2LZM,,,,,,
A111_2LZM,0.12088321987083317,0.06232619290151453,10,0.06134969325153374,8.0,0.4888888888888889,5.0,2.0,0.0,0.0,A102_2LZM,A103_2LZM,A106_2LZM,A107_2LZM,A108_2LZM,A109_2LZM,A110_2LZM,A112_2LZM,A113_2LZM,A114_2LZM,,,
A112_2LZM,0.07990484726876944,0.021873301170324166,9,0.05521472392638037,7.444444444444445,0.3888888888888889,2.0,2.0,0.0,1.0,A83_2LZM,A84_2LZM,A108_2LZM,A109_2LZM,A110_2LZM,A111_2LZM,A113_2LZM,A114_2LZM,A115_2LZM,,,,
A113_2LZM,0.05431597222001872,0.004008209841636603,6,0.03680981595092025,7.666666666666667,0.6666666666666666,1.0,2.0,0.0,0.0,A109_2LZM,A110_2LZM,A111_2LZM,A112_2LZM,A114_2LZM,A115_2LZM,,,,,,,
A114_2LZM,0.06275715305987074,0.04093279490055788,7,0.04294478527607362,8.142857142857142,0.5238095238095238,1.0,2.0,0.0,0.0,A111_2LZM,A112_2LZM,A113_2LZM,A115_2LZM,A116_2LZM,A117_2LZM,A118_2LZM,,,,,,
A115_2LZM,0.05751464392958055,0.011407469726946883,7,0.04294478527607362,7.857142857142857,0.5714285714285714,2.0,1.0,0.0,0.0,A112_2LZM,A113_2LZM,A114_2LZM,A116_2LZM,A117_2LZM,A118_2LZM,A119_2LZM,,,,,,
A116_2LZM,0.05396418952763636,0.0020199230753467235,6,0.03680981595092025,8.666666666666666,0.8,3.0,0.0,0.0,0.0,A114_2LZM,A115_2LZM,A117_2LZM,A118_2LZM,A119_2LZM,A120_2LZM,,,,,,,
A117_2LZM,0.0902041616139997,0.03750692947049042,10,0.06134969325153374,8.5,0.4444444444444444,4.0,2.0,0.0,0.0,A114_2LZM,A115_2LZM,A116_2LZM,A118_2LZM,A119_2LZM,A120_2LZM,A121_2LZM,A129_2LZM,A132_2LZM,A133_2LZM,,,
A118_2LZM,0.07964863448063507,0.019876453387494206,9,0.05521472392638037,8.444444444444445,0.5277777777777778,5.0,0.0,0.0,1.0,A87_2LZM,A114_2LZM,A115_2LZM,A116_2LZM,A117_2LZM,A119_2LZM,A120_2LZM,A121_2LZM,A122_2LZM,,,,
A119_2LZM,0.07083086391204675,0.0022985404626621043,8,0.049079754601226995,8.375,0.6428571428571429,5.0,0.0,0.0,0.0,A115_2LZM,A116_2LZM,A117_2LZM,A118_2LZM,A120_2LZM,A121_2LZM,A122_2LZM,A123_2LZM,,,,,
A11_2LZM,0.023154120934107535,0.1749261970208854,8,0.049079754601226995,7.875,0.5,2.0,2.0,0.0,1.0,A7_2LZM,A8_2LZM,A9_2LZM,A10_2LZM,A12_2LZM,A13_2LZM,A29_2LZM,A30_2LZM,,,,,
A120_2LZM,0.10032420450936438,0.007846915907618351,11,0.06748466257668712,8.181818181818182,0.4727272727272727,6.0,3.0,0.0,0.0,A116_2LZM,A117_2LZM,A118_2LZM,A119_2LZM,A121_2LZM,A122_2LZM,A123_2LZM,A124_2LZM,A125_2LZM,A128_2LZM,A129_2LZM,,
A121_2LZM,0.09709819163871979,0.012460870300776151,10,0.06134969325153374,8.6,0.5333333333333333,5.0,4.0,0.0,0.0,A117_2LZM,A118_2LZM,A119_2LZM,A120_2LZM,A122_2LZM,A123_2LZM,A124_2LZM,A125_2LZM,A126_2LZM,A129_2LZM,,,
A122_2LZM,0.07045000951962314,0.016698452658155383,8,0.049079754601226995,8.25,0.5,3.0,0.0,0.0,2.0,A87_2LZM,A90_2LZM,A118_2LZM,A119_2LZM,A120_2LZM,A121_2LZM,A123_2LZM,A124_2LZM,,,,,
A123_2LZM,0.05625113941276244,0.00042238310288963754,6,0.03680981595092025,8.5,0.8,3.0,0.0,0.0,0.0,A119_2LZM,A120_2LZM,A121_2LZM,A122_2LZM,A124_2LZM,A125_2LZM,,,,,,,
A124_2LZM,0.06018558611959606,0.0038016347544753883,6,0.03680981595092025,8.666666666666666,0.7333333333333333,2.0,1.0,0.0,0.0,A120_2LZM,A121_2LZM,A122_2LZM,A123_2LZM,A125_2LZM,A126_2LZM,,,,,,,
A125_2LZM,0.08194118356753384,0.0035918163376556463,8,0.049079754601226995,8.5,0.6071428571428571,2.0,4.0,0.0,0.0,A120_2LZM,A121_2LZM,A123_2LZM,A124_2LZM,A126_2LZM,A127_2LZM,A128_2LZM,A129_2LZM,,,,,
A126_2LZM,0.10839663055271746,0.04841726943998495,9,0.05521472392638037,8.777777777777779,0.4444444444444444,2.0,3.0,0.0,1.0,A121_2LZM,A124_2LZM,A125_2LZM,A127_2LZM,A128_2LZM,A129_2LZM,A130_2LZM,A153_2LZM,A154_2LZM,,,,
A127_2LZM,0.08118248241733113,0.002774234483035507,7,0.04294478527607362,8.857142857142858,0.6666666666666666,3.0,1.0,0.0,0.0,A125_2LZM,A126_2LZM,A128_2LZM,A129_2LZM,A130_2LZM,A131_2LZM,A154_2LZM,,,,,,
A128_2LZM,0.08523422469314801,0.0035458357997311175,8,0.049079754601226995,8.875,0.6071428571428571,4.0,1.0,0.0,0.0,A120_2LZM,A125_2LZM,A126_2LZM,A127_2LZM,A129_2LZM,A130_2LZM,A131_2LZM,A132_2LZM,,,,,
A129_2LZM,0.11175457433225859,0.011323401569903203,11,0.06748466257668712,8.727272727272727,0.4909090909090909,5.0,5.0,0.0,0.0,A117_2LZM,A120_2LZM,A121_2LZM,A125_2LZM,A126_2LZM,A127_2LZM,A128_2LZM,A130_2LZM,A131_2LZM,A132_2LZM,A133_2LZM,,
A12_2LZM,0.01883346368512907,0.05598491729348868,7,0.04294478527607362,7.857142857142857,0.5714285714285714,1.0,3.0,0.0,0.0,A8_2LZM,A9_2LZM,A10_2LZM,A11_2LZM,A13_2LZM,A14_2LZM,A29_2LZM,,,,,,
A130_2LZM,0.10677071965975682,0.03210517796211157,10,0.06134969325153374,8.3,0.4666666666666667,5.0,1.0,0.0,1.0,A126_2LZM,A127_2LZM,A128_2LZM,A129_2LZM,A131_2LZM,A132_2LZM,A133_2LZM,A134_2LZM,A150_2LZM,A154_2LZM,,,
A131_2LZM,0.06695396646874831,0.0007948068519730288,7,0.04294478527607362,8.428571428571429,0.7142857142857143,4.0,0.0,0.0,0.0,A127_2LZM,A128_2LZM,A129_2LZM,A130_2LZM,A132_2LZM,A133_2LZM,A134_2LZM,,,,,,
A132_2LZM,0.07125214486341343,0.007880235376828765,8,0.049079754601226995,8.25,0.5714285714285714,3.0,2.0,0.0,0.0,A117_2LZM,A128_2LZM,A129_2LZM,A130_2LZM,A131_2LZM,A133_2LZM,A134_2LZM,A135_2LZM,,,,,
A133_2LZM,0.06591185657423444,0.01973287681632502,8,0.049079754601226995,8.125,0.5357142857142857,2.0,3.0,0.0,0.0,A117_2LZM,A129_2LZM,A130_2LZM,A131_2LZM,A132_2LZM,A134_2LZM,A135_2LZM,A136_2LZM,,,,,
A134_2LZM,0.05021194853342945,0.009721272961008168,7,0.04294478527607362,7.857142857142857,0.5714285714285714,1.0,3.0,0.0,0.0,A130_2LZM,A131_2LZM,A132_2LZM,A133_2LZM,A135_2LZM,A136_2LZM,A139_2LZM,,,,,,
A135_2LZM,0.03201693295697255,0.004559377789093126,5,0.03067484662576687,8.0,0.7,0.0,3.0,0.0,0.0,A132_2LZM,A133_2LZM,A134_2LZM,A136_2LZM,A139_2LZM,,,,,,,,
A136_2LZM,0.03424551971078638,0.011997252123002174,7,0.04294478527607362,7.0,0.5238095238095238,1.0,2.0,0.0,0.0,A133_2LZM,A134_2LZM,A135_2LZM,A137_2LZM,A138_2LZM,A139_2LZM,A140_2LZM,,,,,,
A137_2LZM,0.02184128018975521,0.0002268215624335852,5,0.03067484662576687,7.4,0.9,2.0,0.0,0.0,0.0,A136_2LZM,A138_2LZM,A139_2LZM,A140_2LZM,A141_2LZM,,,,,,,,
A138_2LZM,0.03739667188995623,0.007361912014786999,7,0.04294478527607362,7.571428571428571,0.6666666666666666,3.0,1.0,0.0,0.0,A136_2LZM,A137_2LZM,A139_2LZM,A140_2LZM,A141_2LZM,A142_2LZM,A146_2LZM,,,,,,
A139_2LZM,0.052057211328328204,0.03327569776154669,10,0.06134969325153374,7.0,0.4666666666666667,4.0,3.0,0.0,0.0,A134_2LZM,A135_2LZM,A136_2LZM,A137_2LZM,A138_2LZM,A140_2LZM,A141_2LZM,A142_2LZM,A143_2LZM,A146_2LZM,,,
A13_2LZM,0.014787110932242492,0.02105463748133095,6,0.03680981595092025,8.333333333333334,0.6,0.0,4.0,0.0,0.0,A11_2LZM,A12_2LZM,A14_2LZM,A15_2LZM,A28_2LZM,A29_2LZM,,,,,,,
A140_2LZM,0.03329242783023909,0.003976882854390131,7,0.04294478527607362,7.285714285714286,0.7142857142857143,4.0,0.0,0.0,0.0,A136_2LZM,A137_2LZM,A138_2LZM,A139_2LZM,A141_2LZM,A142_2LZM,A143_2LZM,,,,,,
A141_2LZM,0.029705735208577815,0.001263581990764794,6,0.03680981595092025,7.5,0.8,3.0,0.0,0.0,0.0,A137_2LZM,A138_2LZM,A139_2LZM,A140_2LZM,A142_2LZM,A143_2LZM,,,,,,,
A142_2LZM,0.051585570635251585,0.022932006765612228,8,0.049079754601226995,7.75,0.6071428571428571,3.0,2.0,0.0,0.0,A138_2LZM,A139_2LZM,A140_2LZM,A141_2LZM,A143_2LZM,A144_2LZM,A145_2LZM,A146_2LZM,,,,,
A143_2LZM,0.05774880458132742,0.020479084494169804,8,0.049079754601226995,7.875,0.5714285714285714,3.0,1.0,0.0,0.0,A139_2LZM,A140_2LZM,A141_2LZM,A142_2LZM,A144_2LZM,A145_2LZM,A146_2LZM,A147_2LZM,,,,,
A144_2LZM,0.05795344322423021,0.0007632453790317451,6,0.03680981595092025,8.5,0.8,3.0,0.0,0.0,0.0,A142_2LZM,A143_2LZM,A145_2LZM,A146_2LZM,A147_2LZM,A148_2LZM,,,,,,,
A145_2LZM,0.07585811465330233,0.1799801823077153,8,0.049079754601226995,8.125,0.5357142857142857,4.0,0.0,1.0,0.0,A10_2LZM,A142_2LZM,A143_2LZM,A144_2LZM,A146_2LZM,A147_2LZM,A148_2LZM,A149_2LZM,,,,,
A146_2LZM,0.09693554970996343,0.0430465316542123,10,0.06134969325153374,8.2,0.4888888888888889,5.0,2.0,0.0,0.0,A138_2LZM,A139_2LZM,A142_2LZM,A143_2LZM,A144_2LZM,A145_2LZM,A147_2LZM,A148_2LZM,A149_2LZM,A150_2LZM,,,
A147_2LZM,0.09624227674744082,0.013623137190053916,8,0.049079754601226995,8.5,0.6428571428571429,5.0,0.0,0.0,0.0,A143_2LZM,A144_2LZM,A145_2LZM,A146_2LZM,A148_2LZM,A149_2LZM,A150_2LZM,A151_2LZM,,,,,
A148_2LZM,0.11700858915047056,0.05332687930400318,9,0.05521472392638037,8.88888888888889,0.5555555555555556,5.0,1.0,0.0,0.0,A144_2LZM,A145_2LZM,A146_2LZM,A147_2LZM,A149_2LZM,A150_2LZM,A151_2LZM,A152_2LZM,A160_2LZM,,,,
A149_2LZM,0.14386307785093147,0.06951993642976309,9,0.05521472392638037,9.666666666666666,0.5555555555555556,5.0,1.0,0.0,0.0,A98_2LZM,A145_2LZM,A146_2LZM,A147_2LZM,A148_2LZM,A150_2LZM,A151_2LZM,A152_2LZM,A153_2LZM,,,,
A14_2LZM,0.01581388666402351,0.03002854306411193,7,0.04294478527607362,8.571428571428571,0.5714285714285714,0.0,6.0,0.0,0.0,A12_2LZM,A13_2LZM,A15_2LZM,A16_2LZM,A27_2LZM,A28_2LZM,A29_2LZM,,,,,,
A150_2LZM,0.1388791739966647,0.03467436418058263,9,0.05521472392638037,9.666666666666666,0.5277777777777778,5.0,0.0,0.0,1.0,A130_2LZM,A146_2LZM,A147_2LZM,A148_2LZM,A149_2LZM,A151_2LZM,A152_2LZM,A153_2LZM,A154_2LZM,,,,
A151_2LZM,0.13441943195036302,0.009350291651339594,9,0.05521472392638037,9.0,0.5555555555555556,5.0,1.0,0.0,0.0,A147_2LZM,A148_2LZM,A149_2LZM,A150_2LZM,A152_2LZM,A153_2LZM,A154_2LZM,A155_2LZM,A160_2LZM,,,,
A152_2LZM,0.1894834428903747,0.06327471120849489,13,0.07975460122699386,8.461538461538462,0.3717948717948718,5.0,5.0,0.0,2.0,A95_2LZM,A98_2LZM,A148_2LZM,A149_2LZM,A150_2LZM,A151_2LZM,A153_2LZM,A154_2LZM,A155_2LZM,A156_2LZM,A157_2LZM,A158_2LZM,A160_2LZM
A153_2LZM,0.1695071646047236,0.062433082315009956,10,0.06134969325153374,9.3,0.4666666666666667,4.0,3.0,0.0,1.0,A95_2LZM,A98_2LZM,A126_2LZM,A149_2LZM,A150_2LZM,A151_2LZM,A152_2LZM,A154_2LZM,A155_2LZM,A156_2LZM,,,
A154_2LZM,0.132889804398809,0.020956866452341807,9,0.05521472392638037,8.88888888888889,0.4722222222222222,3.0,1.0,0.0,2.0,A126_2LZM,A127_2LZM,A130_2LZM,A150_2LZM,A151_2LZM,A152_2LZM,A153_2LZM,A155_2LZM,A156_2LZM,,,,
A155_2LZM,0.09458574647596979,0.0008142327106744557,6,0.03680981595092025,9.0,0.7333333333333333,2.0,1.0,0.0,0.0,A151_2LZM,A152_2LZM,A153_2LZM,A154_2LZM,A156_2LZM,A157_2LZM,,,,,,,
A156_2LZM,0.11269943556117185,0.003800041705729147,7,0.04294478527607362,9.0,0.5714285714285714,1.0,2.0,0.0,2.0,A94_2LZM,A95_2LZM,A152_2LZM,A153_2LZM,A154_2LZM,A155_2LZM,A157_2LZM,,,,,,
A157_2LZM,0.06950513548976943,0.006566844540434071,6,0.03680981595092025,7.5,0.4,0.0,1.0,0.0,3.0,A94_2LZM,A152_2LZM,A155_2LZM,A156_2LZM,A158_2LZM,A159_2LZM,,,,,,,
A158_2LZM,0.04607428207166264,0.0087999721058948,6,0.03680981595092025,7.333333333333333,0.6,1.0,0.0,0.0,3.0,A152_2LZM,A157_2LZM,A159_2LZM,A160_2LZM,A161_2LZM,A162_2LZM,,,,,,,
A159_2LZM,0.026228591351047752,0.0009008995318489548,5,0.03067484662576687,6.4,0.7,1.0,0.0,0.0,1.0,A157_2LZM,A158_2LZM,A160_2LZM,A161_2LZM,A162_2LZM,,,,,,,,
A15_2LZM,0.016469644240928193,0.02520130901122754,9,0.05521472392638037,7.777777777777778,0.3888888888888889,0.0,6.0,0.0,1.0,A13_2LZM,A14_2LZM,A16_2LZM,A17_2LZM,A27_2LZM,A28_2LZM,A57_2LZM,A58_2LZM,A59_2LZM,,,,
A160_2LZM,0.06653854952548326,0.04700157455815002,8,0.049079754601226995,7.25,0.42857142857142855,1.0,2.0,0.0,1.0,A148_2LZM,A151_2LZM,A152_2LZM,A158_2LZM,A159_2LZM,A161_2LZM,A162_2LZM,A163_2LZM,,,,,
A161_2LZM,0.021040035026931164,0.004567708641264144,6,0.03680981595092025,5.333333333333333,0.6666666666666666,1.0,2.0,0.0,0.0,A158_2LZM,A159_2LZM,A160_2LZM,A162_2LZM,A163_2LZM,A164_2LZM,,,,,,,
A162_2LZM,0.021040035026931164,0.004567708641264144,6,0.03680981595092025,5.333333333333333,0.6666666666666666,1.0,2.0,0.0,0.0,A158_2LZM,A159_2LZM,A160_2LZM,A161_2LZM,A163_2LZM,A164_2LZM,,,,,,,
A163_2LZM,0.013467348920492218,0.0031576041447808002,4,0.024539877300613498,5.75,0.8333333333333334,0.0,2.0,0.0,0.0,A160_2LZM,A161_2LZM,A162_2LZM,A164_2LZM,,,,,,,,,
A164_2LZM,0.00649839833994818,0.0,3,0.018404907975460124,5.333333333333333,1.0,0.0,1.0,0.0,0.0,A161_2LZM,A162_2LZM,A163_2LZM,,,,,,,,,,
A16_2LZM,0.012789897724873803,0.02129727756047979,8,0.049079754601226995,8.125,0.5,0.0,7.0,0.0,0.0,A14_2LZM,A15_2LZM,A17_2LZM,A18_2LZM,A27_2LZM,A56_2LZM,A57_2LZM,A58_2LZM,,,,,
A17_2LZM,0.011718864080363198,0.009400423510527979,8,0.049079754601226995,9.0,0.4642857142857143,0.0,6.0,0.0,0.0,A15_2LZM,A16_2LZM,A18_2LZM,A25_2LZM,A26_2LZM,A27_2LZM,A56_2LZM,A57_2LZM,,,,,
A18_2LZM,0.009555162858422839,0.00712142551499524,7,0.04294478527607362,9.285714285714286,0.5714285714285714,1.0,3.0,0.0,0.0,A16_2LZM,A17_2LZM,A19_2LZM,A20_2LZM,A25_2LZM,A26_2LZM,A27_2LZM,,,,,,
A19_2LZM,0.0061424619099924825,0.0076544119666848934,7,0.04294478527607362,8.0,0.6666666666666666,3.0,1.0,0.0,0.0,A18_2LZM,A20_2LZM,A21_2LZM,A23_2LZM,A24_2LZM,A25_2LZM,A26_2LZM,,,,,,
A1_2LZM,0.0067363331865327725,0.0,3,0.018404907975460124,7.333333333333333,1.0,0.0,1.0,0.0,0.0,A2_2LZM,A5_2LZM,A6_2LZM,,,,,,,,,,
A20_2LZM,0.006368773137239534,0.013669195825748475,8,0.049079754601226995,7.375,0.6071428571428571,3.0,3.0,0.0,0.0,A18_2LZM,A19_2LZM,A21_2LZM,A22_2LZM,A23_2LZM,A24_2LZM,A25_2LZM,A26_2LZM,,,,,
A21_2LZM,0.0021746721587160654,1.8935090509732637e-05,4,0.024539877300613498,6.25,0.8333333333333334,0.0,2.0,0.0,0.0,A19_2LZM,A20_2LZM,A22_2LZM,A23_2LZM,,,,,,,,,
A22_2LZM,0.002160313913130201,6.221529738912151e-05,4,0.024539877300613498,6.5,0.8333333333333334,0.0,2.0,0.0,0.0,A20_2LZM,A21_2LZM,A23_2LZM,A24_2LZM,,,,,,,,,
A23_2LZM,0.0039129806618355785,0.0009599789663079041,6,0.03680981595092025,7.166666666666667,0.7333333333333333,1.0,3.0,0.0,0.0,A19_2LZM,A20_2LZM,A21_2LZM,A22_2LZM,A24_2LZM,A25_2LZM,,,,,,,
A24_2LZM,0.006005343558228461,0.011666866827934413,8,0.049079754601226995,7.5,0.5,2.0,2.0,0.0,0.0,A19_2LZM,A20_2LZM,A22_2LZM,A23_2LZM,A25_2LZM,A26_2LZM,A34_2LZM,A35_2LZM,,,,,
A25_2LZM,0.010588439665326426,0.03191607723257952,12,0.0736196319018405,7.75,0.36363636363636365,3.0,5.0,0.0,0.0,A17_2LZM,A18_2LZM,A19_2LZM,A20_2LZM,A23_2LZM,A24_2LZM,A26_2LZM,A32_2LZM,A33_2LZM,A34_2LZM,A35_2LZM,A42_2LZM,
A26_2LZM,0.013888543767904847,0.07889061049151574,11,0.06748466257668712,8.181818181818182,0.41818181818181815,3.0,4.0,0.0,0.0,A17_2LZM,A18_2LZM,A19_2LZM,A20_2LZM,A24_2LZM,A25_2LZM,A27_2LZM,A30_2LZM,A31_2LZM,A32_2LZM,A33_2LZM,,
A27_2LZM,0.020164895763294475,0.032758935192563635,11,0.06748466257668712,8.181818181818182,0.41818181818181815,2.0,6.0,0.0,0.0,A14_2LZM,A15_2LZM,A16_2LZM,A17_2LZM,A18_2LZM,A26_2LZM,A28_2LZM,A29_2LZM,A30_2LZM,A31_2LZM,A32_2LZM,,
A28_2LZM,0.02003414866448471,0.004828317209913928,8,0.049079754601226995,8.625,0.5,1.0,4.0,0.0,1.0,A13_2LZM,A14_2LZM,A15_2LZM,A27_2LZM,A29_2LZM,A30_2LZM,A31_2LZM,A63_2LZM,,,,,
A29_2LZM,0.03208142172142441,0.1653344856375072,11,0.06748466257668712,8.181818181818182,0.34545454545454546,1.0,5.0,0.0,3.0,A8_2LZM,A11_2LZM,A12_2LZM,A13_2LZM,A14_2LZM,A27_2LZM,A28_2LZM,A30_2LZM,A31_2LZM,A63_2LZM,A67_2LZM,,
A2_2LZM,0.011999542158096427,0.0009477133836513473,5,0.03067484662576687,6.4,0.8,1.0,1.0,0.0,0.0,A1_2LZM,A3_2LZM,A4_2LZM,A5_2LZM,A6_2LZM,,,,,,,,
A30_2LZM,0.01564027648639025,0.13475393014649115,7,0.04294478527607362,9.0,0.5714285714285714,2.0,0.0,0.0,1.0,A11_2LZM,A26_2LZM,A27_2LZM,A28_2LZM,A29_2LZM,A31_2LZM,A32_2LZM,,,,,,
A31_2LZM,0.014069918109383558,0.08101607759294596,7,0.04294478527607362,9.0,0.6190476190476191,2.0,1.0,0.0,0.0,A26_2LZM,A27_2LZM,A28_2LZM,A29_2LZM,A30_2LZM,A32_2LZM,A33_2LZM,,,,,,
A32_2LZM,0.010282348772400649,0.048855507586367045,7,0.04294478527607362,9.0,0.5714285714285714,1.0,3.0,0.0,0.0,A25_2LZM,A26_2LZM,A27_2LZM,A30_2LZM,A31_2LZM,A33_2LZM,A34_2LZM,,,,,,
A33_2LZM,0.008160194627004952,0.08980662077001256,8,0.049079754601226995,9.125,0.42857142857142855,0.0,5.0,0.0,0.0,A25_2LZM,A26_2LZM,A31_2LZM,A32_2LZM,A34_2LZM,A42_2LZM,A45_2LZM,A46_2LZM,,,,,
A34_2LZM,0.0053650504435017255,0.020908836435712633,7,0.04294478527607362,8.0,0.42857142857142855,0.0,3.0,0.0,1.0,A24_2LZM,A25_2LZM,A32_2LZM,A33_2LZM,A35_2LZM,A36_2LZM,A42_2LZM,,,,,,
A35_2LZM,0.0028950346207343176,0.008477931545258,5,0.03067484662576687,7.2,0.5,0.0,1.0,0.0,2.0,A24_2LZM,A25_2LZM,A34_2LZM,A36_2LZM,A37_2LZM,,,,,,,,
A36_2LZM,0.00172306175273707,0.003216399679278888,5,0.03067484662576687,6.0,0.4,0.0,0.0,0.0,4.0,A34_2LZM,A35_2LZM,A37_2LZM,A38_2LZM,A41_2LZM,,,,,,,,
A37_2LZM,0.001058509574022405,0.00027836112491207507,4,0.024539877300613498,5.5,0.5,0.0,0.0,0.0,3.0,A35_2LZM,A36_2LZM,A38_2LZM,A39_2LZM,,,,,,,,,
A38_2LZM,0.002038699177415129,0.0004975431379387019,6,0.03680981595092025,6.666666666666667,0.6,1.0,0.0,0.0,3.0,A36_2LZM,A37_2LZM,A39_2LZM,A40_2LZM,A41_2LZM,A42_2LZM,,,,,,,
A39_2LZM,0.0023884156659407787,0.0023118625974486015,6,0.03680981595092025,7.5,0.6666666666666666,2.0,0.0,0.0,1.0,A37_2LZM,A38_2LZM,A40_2LZM,A41_2LZM,A42_2LZM,A43_2LZM,,,,,,,
A3_2LZM,0.03182483785204946,0.030753844484950825,6,0.03680981595092025,7.666666666666667,0.6,2.0,0.0,1.0,0.0,A2_2LZM,A4_2LZM,A5_2LZM,A6_2LZM,A7_2LZM,A97_2LZM,,,,,,,
A40_2LZM,0.002689248457503518,0.0003987511186831915,6,0.03680981595092025,8.166666666666666,0.8,3.0,0.0,0.0,0.0,A38_2LZM,A39_2LZM,A41_2LZM,A42_2LZM,A43_2LZM,A44_2LZM,,,,,,,
A41_2LZM,0.003366946272185663,0.002283467954893867,8,0.049079754601226995,7.625,0.5714285714285714,4.0,0.0,0.0,1.0,A36_2LZM,A38_2LZM,A39_2LZM,A40_2LZM,A42_2LZM,A43_2LZM,A44_2LZM,A45_2LZM,,,,,
A42_2LZM,0.006194701129060064,0.038921041018972105,11,0.06748466257668712,8.090909090909092,0.41818181818181815,5.0,2.0,0.0,0.0,A25_2LZM,A33_2LZM,A34_2LZM,A38_2LZM,A39_2LZM,A40_2LZM,A41_2LZM,A43_2LZM,A44_2LZM,A45_2LZM,A46_2LZM,,
A43_2LZM,0.0050612035751224,0.018988366645357583,10,0.06134969325153374,8.0,0.4222222222222222,5.0,0.0,0.0,1.0,A39_2LZM,A40_2LZM,A41_2LZM,A42_2LZM,A44_2LZM,A45_2LZM,A46_2LZM,A47_2LZM,A55_2LZM,A56_2LZM,,,
A44_2LZM,0.0039299291663771425,0.001536240274921291,8,0.049079754601226995,8.875,0.6428571428571429,5.0,0.0,0.0,0.0,A40_2LZM,A41_2LZM,A42_2LZM,A43_2LZM,A45_2LZM,A46_2LZM,A47_2LZM,A48_2LZM,,,,,
A45_2LZM,0.0047456631584099325,0.019133734171180812,9,0.05521472392638037,8.666666666666666,0.5555555555555556,5.0,1.0,0.0,0.0,A33_2LZM,A41_2LZM,A42_2LZM,A43_2LZM,A44_2LZM,A46_2LZM,A47_2LZM,A48_2LZM,A49_2LZM,,,,
A46_2LZM,0.004602611708353972,0.02413676640762019,9,0.05521472392638037,8.444444444444445,0.5555555555555556,5.0,1.0,0.0,0.0,A33_2LZM,A42_2LZM,A43_2LZM,A44_2LZM,A45_2LZM,A47_2LZM,A48_2LZM,A49_2LZM,A50_2LZM,,,,
A47_2LZM,0.00419354482155429,0.017455684641284285,11,0.06748466257668712,6.909090909090909,0.41818181818181815,5.0,2.0,0.0,0.0,A43_2LZM,A44_2LZM,A45_2LZM,A46_2LZM,A48_2LZM,A49_2LZM,A50_2LZM,A51_2LZM,A52_2LZM,A53_2LZM,A54_2LZM,,
A48_2LZM,0.0027277425284600388,0.001519859875293207,7,0.04294478527607362,7.714285714285714,0.7142857142857143,4.0,0.0,0.0,0.0,A44_2LZM,A45_2LZM,A46_2LZM,A47_2LZM,A49_2LZM,A50_2LZM,A51_2LZM,,,,,,
A49_2LZM,0.0023160139853615593,0.0012965729710739313,6,0.03680981595092025,7.833333333333333,0.8,3.0,0.0,0.0,0.0,A45_2LZM,A46_2LZM,A47_2LZM,A48_2LZM,A50_2LZM,A51_2LZM,,,,,,,
A4_2LZM,0.01842632563710694,0.00319589209751031,6,0.03680981595092025,7.666666666666667,0.8,3.0,0.0,0.0,0.0,A2_2LZM,A3_2LZM,A5_2LZM,A6_2LZM,A7_2LZM,A8_2LZM,,,,,,,
A50_2LZM,0.0020015122004617054,0.0009537351056719609,6,0.03680981595092025,7.166666666666667,0.7333333333333333,2.0,1.0,0.0,0.0,A46_2LZM,A47_2LZM,A48_2LZM,A49_2LZM,A51_2LZM,A52_2LZM,,,,,,,
A51_2LZM,0.0015193165823339156,5.049357469262036e-05,5,0.03067484662576687,7.0,0.8,1.0,1.0,0.0,0.0,A47_2LZM,A48_2LZM,A49_2LZM,A50_2LZM,A52_2LZM,,,,,,,,
A52_2LZM,0.0017437797378835615,0.005202420702075958,5,0.03067484662576687,6.6,0.6,0.0,2.0,0.0,0.0,A47_2LZM,A50_2LZM,A51_2LZM,A53_2LZM,A54_2LZM,,,,,,,,
A53_2LZM,0.0017297233722878985,0.00014643136660859906,4,0.024539877300613498,7.0,0.6666666666666666,0.0,1.0,0.0,1.0,A47_2LZM,A52_2LZM,A54_2LZM,A55_2LZM,,,,,,,,,
A54_2LZM,0.005457567598294183,0.04375139550863615,7,0.04294478527607362,6.857142857142857,0.42857142857142855,0.0,3.0,0.0,1.0,A47_2LZM,A52_2LZM,A53_2LZM,A55_2LZM,A56_2LZM,A57_2LZM,A58_2LZM,,,,,,
A55_2LZM,0.003387118637657721,0.0023907210927669002,5,0.03067484662576687,7.0,0.5,0.0,1.0,0.0,2.0,A43_2LZM,A53_2LZM,A54_2LZM,A56_2LZM,A57_2LZM,,,,,,,,
A56_2LZM,0.007751870440728147,0.028609450157286134,7,0.04294478527607362,7.714285714285714,0.47619047619047616,0.0,4.0,0.0,1.0,A16_2LZM,A17_2LZM,A43_2LZM,A54_2LZM,A55_2LZM,A57_2LZM,A58_2LZM,,,,,,
A57_2LZM,0.008946787720316157,0.014016829887309692,7,0.04294478527607362,7.571428571428571,0.5714285714285714,0.0,6.0,0.0,0.0,A15_2LZM,A16_2LZM,A17_2LZM,A54_2LZM,A55_2LZM,A56_2LZM,A58_2LZM,,,,,,
A58_2LZM,0.018890283028514476,0.07508520164359274,9,0.05521472392638037,7.666666666666667,0.3888888888888889,1.0,3.0,0.0,1.0,A15_2LZM,A16_2LZM,A54_2LZM,A56_2LZM,A57_2LZM,A59_2LZM,A60_2LZM,A62_2LZM,A63_2LZM,,,,
A59_2LZM,0.01761765148836971,0.002143052334550009,6,0.03680981595092025,8.166666666666666,0.6666666666666666,2.0,0.0,0.0,1.0,A15_2LZM,A58_2LZM,A60_2LZM,A61_2LZM,A62_2LZM,A63_2LZM,,,,,,,
A5_2LZM,0.02137128199565448,0.008032640232208349,8,0.049079754601226995,6.75,0.6071428571428571,4.0,1.0,0.0,0.0,A1_2LZM,A2_2LZM,A3_2LZM,A4_2LZM,A6_2LZM,A7_2LZM,A8_2LZM,A9_2LZM,,,,,
A60_2LZM,0.02005381323055086,0.001428998796438999,6,0.03680981595092025,8.0,0.8,3.0,0.0,0.0,0.0,A58_2LZM,A59_2LZM,A61_2LZM,A62_2LZM,A63_2LZM,A64_2LZM,,,,,,,
A61_2LZM,0.022798538771875033,0.0002281126114036372,6,0.03680981595092025,7.833333333333333,0.8,3.0,0.0,0.0,0.0,A59_2LZM,A60_2LZM,A62_2LZM,A63_2LZM,A64_2LZM,A65_2LZM,,,,,,,
A62_2LZM,0.03016444200267981,0.0131001365504409,8,0.049079754601226995,7.75,0.6428571428571429,5.0,0.0,0.0,0.0,A58_2LZM,A59_2LZM,A60_2LZM,A61_2LZM,A63_2LZM,A64_2LZM,A65_2LZM,A66_2LZM,,,,,
A63_2LZM,0.04220431325084115,0.08299394369925975,11,0.06748466257668712,7.909090909090909,0.41818181818181815,6.0,0.0,0.0,2.0,A28_2LZM,A29_2LZM,A58_2LZM,A59_2LZM,A60_2LZM,A61_2LZM,A62_2LZM,A64_2LZM,A65_2LZM,A66_2LZM,A67_2LZM,,
A64_2LZM,0.03972948419405467,0.0060800058394258364,8,0.049079754601226995,8.0,0.6428571428571429,5.0,0.0,0.0,0.0,A60_2LZM,A61_2LZM,A62_2LZM,A63_2LZM,A65_2LZM,A66_2LZM,A67_2LZM,A68_2LZM,,,,,
A65_2LZM,0.045095973877856244,0.00674316990452592,8,0.049079754601226995,8.25,0.6428571428571429,5.0,0.0,0.0,0.0,A61_2LZM,A62_2LZM,A63_2LZM,A64_2LZM,A66_2LZM,A67_2LZM,A68_2LZM,A69_2LZM,,,,,
A66_2LZM,0.0514342134507119,0.023881414937197854,8,0.049079754601226995,8.5,0.6428571428571429,5.0,0.0,0.0,0.0,A62_2LZM,A63_2LZM,A64_2LZM,A65_2LZM,A67_2LZM,A68_2LZM,A69_2LZM,A70_2LZM,,,,,
A67_2LZM,0.06283223709836804,0.12646275982591204,9,0.05521472392638037,8.777777777777779,0.5277777777777778,5.0,0.0,0.0,1.0,A29_2LZM,A63_2LZM,A64_2LZM,A65_2LZM,A66_2LZM,A68_2LZM,A69_2LZM,A70_2LZM,A71_2LZM,,,,
A68_2LZM,0.06499900879544324,0.011365256831064955,8,0.049079754601226995,8.25,0.6428571428571429,5.0,0.0,0.0,0.0,A64_2LZM,A65_2LZM,A66_2LZM,A67_2LZM,A69_2LZM,A70_2LZM,A71_2LZM,A72_2LZM,,,,,
A69_2LZM,0.07129100617547861,0.013433848422897741,8,0.049079754601226995,8.25,0.6428571428571429,5.0,0.0,0.0,0.0,A65_2LZM,A66_2LZM,A67_2LZM,A68_2LZM,A70_2LZM,A71_2LZM,A72_2LZM,A73_2LZM,,,,,
A6_2LZM,0.02420835976670379,0.01391771736675703,9,0.05521472392638037,6.666666666666667,0.5555555555555556,5.0,1.0,0.0,0.0,A1_2LZM,A2_2LZM,A3_2LZM,A4_2LZM,A5_2LZM,A7_2LZM,A8_2LZM,A9_2LZM,A10_2LZM,,,,
A70_2LZM,0.08331375025600134,0.04970908367047305,8,0.049079754601226995,8.625,0.6428571428571429,5.0,0.0,0.0,0.0,A66_2LZM,A67_2LZM,A68_2LZM,A69_2LZM,A71_2LZM,A72_2LZM,A73_2LZM,A74_2LZM,,,,,
A71_2LZM,0.10690596570635626,0.09589163184696141,9,0.05521472392638037,8.666666666666666,0.5277777777777778,5.0,0.0,0.0,1.0,A67_2LZM,A68_2LZM,A69_2LZM,A70_2LZM,A72_2LZM,A73_2LZM,A74_2LZM,A75_2LZM,A104_2LZM,,,,
A72_2LZM,0.0949759690131863,0.010301605638674593,8,0.049079754601226995,8.625,0.6428571428571429,5.0,0.0,0.0,0.0,A68_2LZM,A69_2LZM,A70_2LZM,A71_2LZM,A73_2LZM,A74_2LZM,A75_2LZM,A76_2LZM,,,,,
A73_2LZM,0.09980380706602232,0.014843701444549844,8,0.049079754601226995,8.75,0.6428571428571429,5.0,0.0,0.0,0.0,A69_2LZM,A70_2LZM,A71_2LZM,A72_2LZM,A74_2LZM,A75_2LZM,A76_2LZM,A77_2LZM,,,,,
A74_2LZM,0.15988580063469346,0.0860948949662865,11,0.06748466257668712,9.0,0.41818181818181815,5.0,1.0,0.0,2.0,A70_2LZM,A71_2LZM,A72_2LZM,A73_2LZM,A75_2LZM,A76_2LZM,A77_2LZM,A78_2LZM,A100_2LZM,A103_2LZM,A104_2LZM,,
A75_2LZM,0.12460938251037267,0.044313247763180096,9,0.05521472392638037,8.88888888888889,0.5277777777777778,5.0,0.0,0.0,1.0,A71_2LZM,A72_2LZM,A73_2LZM,A74_2LZM,A76_2LZM,A77_2LZM,A78_2LZM,A79_2LZM,A100_2LZM,,,,
A76_2LZM,0.10100569648718623,0.007666799048803724,8,0.049079754601226995,8.625,0.6428571428571429,5.0,0.0,0.0,0.0,A72_2LZM,A73_2LZM,A74_2LZM,A75_2LZM,A77_2LZM,A78_2LZM,A79_2LZM,A80_2LZM,,,,,
A77_2LZM,0.11109431633882863,0.017845459680441236,9,0.05521472392638037,8.555555555555555,0.5277777777777778,5.0,0.0,0.0,1.0,A73_2LZM,A74_2LZM,A75_2LZM,A76_2LZM,A78_2LZM,A79_2LZM,A80_2LZM,A81_2LZM,A108_2LZM,,,,
A78_2LZM,0.118564794618374,0.04685405014671606,10,0.06134969325153374,8.8,0.4666666666666667,5.0,1.0,0.0,1.0,A74_2LZM,A75_2LZM,A76_2LZM,A77_2LZM,A79_2LZM,A80_2LZM,A81_2LZM,A84_2LZM,A85_2LZM,A108_2LZM,,,
A79_2LZM,0.08147059282821692,0.007628858863953926,7,0.04294478527607362,8.857142857142858,0.7142857142857143,4.0,0.0,0.0,0.0,A75_2LZM,A76_2LZM,A77_2LZM,A78_2LZM,A80_2LZM,A81_2LZM,A85_2LZM,,,,,,
A7_2LZM,0.04142539103997533,0.11401366584925665,9,0.05521472392638037,7.666666666666667,0.5,5.0,0.0,1.0,0.0,A3_2LZM,A4_2LZM,A5_2LZM,A6_2LZM,A8_2LZM,A9_2LZM,A10_2LZM,A11_2LZM,A101_2LZM,,,,
A80_2LZM,0.07295291317914031,0.0045190561505283715,7,0.04294478527607362,8.285714285714286,0.6666666666666666,3.0,1.0,0.0,0.0,A76_2LZM,A77_2LZM,A78_2LZM,A79_2LZM,A81_2LZM,A82_2LZM,A85_2LZM,,,,,,
A81_2LZM,0.07587313926168411,0.00543944257624169,8,0.049079754601226995,8.0,0.6071428571428571,3.0,2.0,0.0,0.0,A77_2LZM,A78_2LZM,A79_2LZM,A80_2LZM,A82_2LZM,A83_2LZM,A84_2LZM,A85_2LZM,,,,,
A82_2LZM,0.04328601077406027,0.0001151889589099968,5,0.03067484662576687,8.2,0.8,1.0,1.0,0.0,0.0,A80_2LZM,A81_2LZM,A83_2LZM,A84_2LZM,A85_2LZM,,,,,,,,
A83_2LZM,0.05003750955453583,0.0023361196942876393,6,0.03680981595092025,8.166666666666666,0.6,1.0,1.0,0.0,1.0,A81_2LZM,A82_2LZM,A84_2LZM,A85_2LZM,A86_2LZM,A112_2LZM,,,,,,,
A84_2LZM,0.07885036228822065,0.02327554687628975,9,0.05521472392638037,8.11111111111111,0.4444444444444444,2.0,2.0,0.0,1.0,A78_2LZM,A81_2LZM,A82_2LZM,A83_2LZM,A85_2LZM,A86_2LZM,A87_2LZM,A88_2LZM,A112_2LZM,,,,
A85_2LZM,0.09228017520512818,0.03393906755703484,11,0.06748466257668712,7.454545454545454,0.43636363636363634,4.0,3.0,0.0,0.0,A78_2LZM,A79_2LZM,A80_2LZM,A81_2LZM,A82_2LZM,A83_2LZM,A84_2LZM,A86_2LZM,A87_2LZM,A88_2LZM,A89_2LZM,,
A86_2LZM,0.057510093325319936,0.002549165531417203,7,0.04294478527607362,8.0,0.6666666666666666,3.0,1.0,0.0,0.0,A83_2LZM,A84_2LZM,A85_2LZM,A87_2LZM,A88_2LZM,A89_2LZM,A90_2LZM,,,,,,
A87_2LZM,0.0776832587722659,0.03670452720608739,9,0.05521472392638037,8.11111111111111,0.4722222222222222,4.0,0.0,0.0,2.0,A84_2LZM,A85_2LZM,A86_2LZM,A88_2LZM,A89_2LZM,A90_2LZM,A91_2LZM,A118_2LZM,A122_2LZM,,,,
A88_2LZM,0.07884832718499138,0.020242720086122493,8,0.049079754601226995,8.375,0.5714285714285714,4.0,0.0,0.0,1.0,A84_2LZM,A85_2LZM,A86_2LZM,A87_2LZM,A89_2LZM,A90_2LZM,A91_2LZM,A96_2LZM,,,,,
A89_2LZM,0.05370405253053157,0.001624541108976852,6,0.03680981595092025,8.333333333333334,0.8,3.0,0.0,0.0,0.0,A85_2LZM,A86_2LZM,A87_2LZM,A88_2LZM,A90_2LZM,A91_2LZM,,,,,,,
A8_2LZM,0.026670895354781326,0.05165787010485182,9,0.05521472392638037,8.0,0.5555555555555556,5.0,1.0,0.0,0.0,A4_2LZM,A5_2LZM,A6_2LZM,A7_2LZM,A9_2LZM,A10_2LZM,A11_2LZM,A12_2LZM,A29_2LZM,,,,
A90_2LZM,0.06017628125487232,0.007043507560618882,7,0.04294478527607362,7.428571428571429,0.5238095238095238,2.0,0.0,0.0,2.0,A86_2LZM,A87_2LZM,A88_2LZM,A89_2LZM,A91_2LZM,A92_2LZM,A122_2LZM,,,,,,
A91_2LZM,0.09254980664151374,0.018554885890676137,8,0.049079754601226995,7.875,0.5,2.0,0.0,0.0,2.0,A87_2LZM,A88_2LZM,A89_2LZM,A90_2LZM,A92_2LZM,A93_2LZM,A95_2LZM,A96_2LZM,,,,,
A92_2LZM,0.08362731249933045,0.0058911665399825255,6,0.03680981595092025,8.333333333333334,0.6666666666666666,2.0,0.0,0.0,1.0,A90_2LZM,A91_2LZM,A93_2LZM,A94_2LZM,A95_2LZM,A96_2LZM,,,,,,,
A93_2LZM,0.09351668414414854,0.0033278979861086845,6,0.03680981595092025,8.666666666666666,0.8,3.0,0.0,0.0,0.0,A91_2LZM,A92_2LZM,A94_2LZM,A95_2LZM,A96_2LZM,A97_2LZM,,,,,,,
A94_2LZM,0.12504643443465202,0.014122608391863746,8,0.049079754601226995,8.25,0.5,3.0,0.0,0.0,2.0,A92_2LZM,A93_2LZM,A95_2LZM,A96_2LZM,A97_2LZM,A98_2LZM,A156_2LZM,A157_2LZM,,,,,
A95_2LZM,0.18231746005514837,0.03274662922361559,11,0.06748466257668712,8.727272727272727,0.43636363636363634,5.0,2.0,0.0,1.0,A91_2LZM,A92_2LZM,A93_2LZM,A94_2LZM,A96_2LZM,A97_2LZM,A98_2LZM,A99_2LZM,A152_2LZM,A153_2LZM,A156_2LZM,,
A96_2LZM,0.16122041556129113,0.03902918989143508,10,0.06134969325153374,8.5,0.4888888888888889,6.0,0.0,0.0,1.0,A88_2LZM,A91_2LZM,A92_2LZM,A93_2LZM,A94_2LZM,A95_2LZM,A97_2LZM,A98_2LZM,A99_2LZM,A100_2LZM,,,
A97_2LZM,0.15459737340798302,0.04663527068426622,9,0.05521472392638037,8.777777777777779,0.5,5.0,0.0,1.0,0.0,A3_2LZM,A93_2LZM,A94_2LZM,A95_2LZM,A96_2LZM,A98_2LZM,A99_2LZM,A100_2LZM,A101_2LZM,,,,
A98_2LZM,0.2113852301479523,0.11553479010625309,11,0.06748466257668712,9.636363636363637,0.41818181818181815,5.0,2.0,0.0,0.0,A94_2LZM,A95_2LZM,A96_2LZM,A97_2LZM,A99_2LZM,A100_2LZM,A101_2LZM,A102_2LZM,A149_2LZM,A152_2LZM,A153_2LZM,,
A99_2LZM,0.16477676441361758,0.01011481715247599,8,0.049079754601226995,10.0,0.6428571428571429,5.0,0.0,0.0,0.0,A95_2LZM,A96_2LZM,A97_2LZM,A98_2LZM,A100_2LZM,A101_2LZM,A102_2LZM,A103_2LZM,,,,,
A9_2LZM,0.021380624891633705,0.0027594658931023876,7,0.04294478527607362,8.142857142857142,0.7142857142857143,4.0,0.0,0.0,0.0,A5_2LZM,A6_2LZM,A7_2LZM,A8_2LZM,A10_2LZM,A11_2LZM,A12_2LZM,,,,,,
