pdb_position,chain,structure,pdb_aa,rsa
1,A,,M,0.4017857142857143
2,A,,N,0.358974358974359
3,A,H,I,0.10152284263959391
4,A,H,F,0.32083333333333336
5,A,H,E,0.39461883408071746
6,A,H,M,0.0
7,A,H,L,0.0
8,A,H,R,0.33211678832116787
9,A,H,I,0.2893401015228426
10,A,H,D,0.10362694300518134
11,A,H,E,0.16143497757847533
12,A,,G,0.19230769230769232
13,A,,L,0.208955223880597
14,A,E,R,0.4562043795620438
15,A,E,L,0.3333333333333333
16,A,E,K,0.5084745762711864
17,A,E,I,0.1218274111675127
18,A,E,Y,0.12547528517110265
19,A,E,K,0.5338983050847458
20,A,,D,0.2849740932642487
21,A,T,T,0.627906976744186
22,A,T,E,0.38565022421524664
23,A,S,G,0.3557692307692308
24,A,,Y,0.2623574144486692
25,A,E,Y,0.12547528517110265
26,A,E,T,0.023255813953488372
27,A,E,I,0.0
28,A,E,G,0.009615384615384616
29,A,T,I,0.02030456852791878
30,A,T,G,0.15384615384615385
31,A,E,H,0.14285714285714285
32,A,E,L,0.3582089552238806
33,A,E,L,0.0845771144278607
34,A,E,T,0.16279069767441862
35,A,S,K,0.6016949152542372
36,A,S,S,0.23870967741935484
37,A,S,P,0.7610062893081762
38,A,,S,0.34838709677419355
39,A,H,L,0.3582089552238806
40,A,H,N,0.6512820512820513
41,A,H,A,0.2558139534883721
42,A,H,A,0.0
43,A,H,K,0.1864406779661017
44,A,H,S,0.45161290322580644
45,A,H,E,0.28699551569506726
46,A,H,L,0.0
47,A,H,D,0.18134715025906736
48,A,H,K,0.614406779661017
49,A,H,A,0.34108527131782945
50,A,H,I,0.18781725888324874
51,A,T,G,0.6442307692307693
52,A,S,R,0.354014598540146
53,A,,N,0.7128205128205128
54,A,,C,0.023952095808383235
55,A,T,N,0.6256410256410256
56,A,T,G,0.0
57,A,B,V,0.3505747126436782
58,A,,I,0.03553299492385787
59,A,,T,0.38372093023255816
60,A,H,K,0.4533898305084746
61,A,H,D,0.5544041450777202
62,A,H,E,0.14349775784753363
63,A,H,A,0.007751937984496124
64,A,H,E,0.3632286995515695
65,A,H,K,0.5
66,A,H,L,0.014925373134328358
67,A,H,F,0.05
68,A,H,N,0.4666666666666667
69,A,H,Q,0.4311111111111111
70,A,H,D,0.19170984455958548
71,A,H,V,0.034482758620689655
72,A,H,D,0.43005181347150256
73,A,H,A,0.3488372093023256
74,A,H,A,0.06976744186046512
75,A,H,V,0.1896551724137931
76,A,H,R,0.4854014598540146
77,A,H,G,0.028846153846153848
78,A,H,I,0.0
79,A,H,L,0.36318407960199006
80,A,T,R,0.6678832116788321
81,A,,N,0.1282051282051282
82,A,T,A,0.6744186046511628
83,A,T,K,0.5805084745762712
84,A,H,L,0.0
85,A,H,K,0.3432203389830508
86,A,H,P,0.3333333333333333
87,A,H,V,0.011494252873563218
88,A,H,Y,0.13307984790874525
89,A,H,D,0.39896373056994816
90,A,H,S,0.23225806451612904
91,A,S,L,0.029850746268656716
92,A,,D,0.29015544041450775
93,A,H,A,0.5658914728682171
94,A,H,V,0.15517241379310345
95,A,H,R,0.08759124087591241
96,A,H,R,0.2846715328467153
97,A,H,C,0.11377245508982035
98,A,H,A,0.0
99,A,H,L,0.0
100,A,H,I,0.04060913705583756
101,A,H,N,0.0
102,A,H,M,0.013392857142857142
103,A,H,V,0.04597701149425287
104,A,H,F,0.13333333333333333
105,A,H,Q,0.26222222222222225
106,A,H,M,0.25
107,A,H,G,0.2980769230769231
108,A,H,E,0.22869955156950672
109,A,H,T,0.6802325581395349
110,A,H,G,0.3076923076923077
111,A,H,V,0.0
112,A,H,A,0.13953488372093023
113,A,T,G,0.5192307692307693
114,A,,F,0.175
115,A,H,T,0.5116279069767442
116,A,H,N,0.4512820512820513
117,A,H,S,0.0
118,A,H,L,0.06965174129353234
119,A,H,R,0.41605839416058393
120,A,H,M,0.13392857142857142
121,A,H,L,0.009950248756218905
122,A,H,Q,0.41333333333333333
123,A,H,Q,0.44
124,A,T,K,0.4067796610169492
125,A,,R,0.4744525547445255
126,A,H,W,0.17543859649122806
127,A,H,D,0.5440414507772021
128,A,H,E,0.4304932735426009
129,A,H,A,0.0
130,A,H,A,0.06976744186046512
131,A,H,V,0.5172413793103449
132,A,H,N,0.23076923076923078
133,A,H,L,0.004975124378109453
134,A,H,A,0.20930232558139536
135,A,S,K,0.6313559322033898
136,A,S,S,0.12903225806451613
137,A,H,R,0.5072992700729927
138,A,H,W,0.042105263157894736
139,A,H,Y,0.23574144486692014
140,A,H,N,0.5794871794871795
141,A,H,Q,0.43555555555555553
142,A,S,T,0.13953488372093023
143,A,H,P,0.3333333333333333
144,A,H,N,0.5641025641025641
145,A,H,R,0.07664233576642336
146,A,H,A,0.0
147,A,H,K,0.3474576271186441
148,A,H,R,0.17518248175182483
149,A,H,V,0.0
150,A,H,I,0.050761421319796954
151,A,H,T,0.20930232558139536
152,A,H,T,0.0
153,A,H,F,0.008333333333333333
154,A,H,R,0.291970802919708
155,A,H,T,0.3081395348837209
156,A,S,G,0.16346153846153846
157,A,S,T,0.28488372093023256
158,A,S,W,0.12982456140350876
159,A,H,D,0.46113989637305697
160,A,H,A,0.12403100775193798
161,A,H,Y,0.019011406844106463
162,A,H,K,0.5550847457627118
163,A,H,N,0.6717948717948717
164,A,,L,0.5472636815920398
