pdb_position,graphlet1,graphlet2,graphlet3,graphlet4,graphlet5,graphlet6,graphlet7,graphlet8,graphlet9,graphlet10,graphlet11,graphlet12,graphlet13,graphlet14,graphlet15,graphlet16,graphlet17,graphlet18,graphlet19,graphlet20,graphlet21,graphlet22,graphlet23,graphlet24,graphlet25,graphlet26,graphlet27,graphlet28,graphlet29,graphlet30,graphlet31,graphlet32,graphlet33,graphlet34,graphlet35,graphlet36,graphlet37,graphlet38,graphlet39,graphlet40,graphlet41,graphlet42,graphlet43,graphlet44,graphlet45,graphlet46,graphlet47,graphlet48,graphlet49,graphlet50,graphlet51,graphlet52,graphlet53,graphlet54,graphlet55,graphlet56,graphlet57,graphlet58,graphlet59,graphlet60,graphlet61,graphlet62,graphlet63,graphlet64,graphlet65,graphlet66,graphlet67,graphlet68,graphlet69,graphlet70,graphlet71,graphlet72,graphlet73
A1_2LZM,3,13,0,3,26,0,8,0,0,18,8,0,9,0,1,115,0,0,7,28,0,0,0,0,41,0,0,15,0,23,0,8,0,0,0,0,0,0,0,13,10,0,0,9,0,17,10,0,0,0,0,0,0,0,3,0,9,1,0,9,0,0,0,0,0,9,3,0,0,0,2,0,0
A2_2LZM,5,11,2,8,42,4,1,0,0,10,20,1,10,4,5,149,22,0,25,11,1,0,0,0,21,6,2,49,1,75,0,0,0,0,0,1,0,0,0,0,3,8,0,14,0,19,28,1,2,0,0,0,0,0,0,0,5,9,0,15,6,0,0,0,0,5,8,2,0,0,5,2,1
A5_2LZM,8,12,11,17,45,33,3,3,0,9,31,18,10,21,14,178,119,7,43,31,7,12,0,0,34,6,28,59,29,150,24,1,6,2,0,0,0,0,0,2,8,7,8,12,4,8,16,17,46,0,0,0,1,0,0,3,3,30,5,12,18,8,0,0,0,5,10,23,0,0,5,13,4
A6_2LZM,9,11,16,20,51,40,3,5,0,5,30,35,9,27,17,188,181,8,47,32,12,16,0,0,18,7,44,78,18,173,43,1,4,6,0,0,0,0,0,0,8,10,15,8,11,9,22,26,52,0,0,0,1,0,0,3,1,32,17,8,14,21,0,0,0,3,8,31,0,0,5,17,5
A3_2LZM,6,22,6,9,64,58,19,1,1,28,24,9,13,3,7,250,181,105,30,121,55,12,0,0,101,6,21,65,103,69,69,30,9,0,0,0,4,8,1,20,19,0,3,9,0,38,22,13,10,0,0,3,0,3,2,0,21,14,7,15,8,0,0,0,0,5,13,0,0,0,6,3,2
A4_2LZM,6,16,3,12,44,17,8,0,0,12,37,2,13,8,10,161,49,14,42,56,7,0,0,0,34,23,5,58,19,133,6,5,10,0,0,0,0,0,0,4,21,4,0,15,0,10,10,3,29,0,0,0,1,0,1,0,6,30,0,16,16,1,0,0,0,5,15,4,0,0,6,7,3
A7_2LZM,9,24,18,18,75,121,14,10,1,25,41,38,14,20,16,303,401,164,55,103,94,115,0,0,100,24,75,93,168,141,189,21,4,20,0,1,4,5,4,22,9,12,20,12,5,32,17,36,57,0,0,3,0,3,0,0,17,38,26,13,24,15,0,0,0,2,14,20,0,0,8,15,5
A97_2LZM,9,34,18,18,144,140,21,10,1,33,86,38,22,20,16,443,536,269,122,191,73,115,0,0,125,100,157,193,157,439,160,23,35,20,0,2,4,5,4,8,53,33,20,56,5,71,64,58,108,0,0,3,4,3,1,0,15,87,26,30,38,15,0,0,0,9,28,20,0,0,10,15,5
A8_2LZM,9,23,16,20,65,100,20,3,0,18,54,39,15,25,17,230,286,129,43,148,108,33,10,0,52,19,104,96,95,192,157,26,24,2,0,3,0,0,0,16,24,13,14,25,14,17,14,46,98,0,0,0,0,0,2,0,6,47,23,14,26,26,0,0,0,5,15,25,0,0,6,17,5
A9_2LZM,7,20,6,15,56,39,8,0,0,14,51,8,15,14,13,218,87,61,51,35,14,0,0,0,29,41,18,78,34,187,28,3,13,0,0,2,0,0,0,5,17,8,0,20,1,11,23,16,66,0,0,0,0,0,2,0,3,48,2,16,23,5,0,0,0,7,18,12,0,0,6,11,4
A10_2LZM,7,26,9,12,78,84,14,3,0,32,44,14,14,8,10,278,236,175,53,98,52,44,0,0,83,34,49,94,134,151,92,13,13,2,0,2,0,0,0,19,19,2,8,21,0,31,28,19,44,0,0,0,0,0,0,0,20,37,10,25,17,1,0,0,0,6,16,4,0,0,6,7,3
A11_2LZM,8,27,14,14,104,101,15,5,1,28,52,27,17,15,9,275,380,164,72,145,53,47,2,0,104,41,90,139,113,230,113,17,26,7,4,1,1,2,4,10,24,15,10,29,6,39,35,42,74,0,0,4,1,1,0,1,13,33,13,32,29,13,0,0,0,9,11,12,1,0,6,6,2
A101_2LZM,9,37,18,18,156,168,31,10,1,44,80,38,23,20,16,426,610,369,130,247,152,149,0,0,143,75,149,208,241,428,220,48,36,20,0,5,1,8,4,26,48,23,20,51,5,77,80,63,114,0,0,3,3,3,2,0,27,78,26,39,38,15,0,0,0,9,27,20,0,0,11,15,5
A12_2LZM,7,24,9,12,102,62,11,0,0,24,50,17,16,11,7,274,263,102,74,116,25,0,0,0,97,54,54,129,63,223,58,13,24,0,2,0,0,0,0,6,17,18,0,33,5,40,42,31,58,0,0,0,2,0,0,0,11,30,7,34,20,9,0,0,0,7,11,9,0,0,6,4,1
A29_2LZM,11,41,36,19,117,294,26,41,1,62,70,86,22,29,9,408,778,539,54,131,197,538,2,12,163,50,329,115,478,220,405,37,19,101,8,2,3,3,3,50,41,18,72,76,35,56,52,120,138,0,0,2,2,4,0,6,44,27,33,40,43,40,0,0,0,12,13,23,2,1,6,6,1
A145_2LZM,8,27,13,15,106,106,8,6,0,36,51,23,16,14,13,309,389,197,78,72,34,79,0,0,148,28,71,123,167,226,124,4,5,8,0,0,0,0,0,14,17,5,14,38,1,59,47,32,69,0,0,0,2,0,0,0,22,45,15,29,26,5,0,0,0,9,20,12,0,0,6,11,4
A13_2LZM,6,26,6,9,110,51,25,0,2,25,45,8,15,8,4,330,193,103,72,240,39,0,7,0,86,49,37,150,53,200,35,31,31,0,4,1,5,11,0,7,36,6,0,27,1,47,52,14,42,0,0,6,2,5,4,0,10,22,2,25,22,5,0,0,0,7,9,4,3,0,3,3,0
A30_2LZM,7,32,9,12,115,88,30,2,1,40,72,14,15,11,8,347,296,206,87,229,79,26,8,0,155,84,76,133,118,271,76,35,43,1,5,3,0,5,2,26,47,16,6,69,2,44,32,24,81,0,0,3,4,2,3,0,21,54,5,38,25,4,0,0,0,6,18,11,1,0,2,4,2
A14_2LZM,7,29,9,12,109,76,26,1,0,29,64,14,17,14,6,358,260,145,62,210,60,12,6,0,105,73,70,139,82,261,62,28,37,0,7,3,0,0,0,14,53,19,4,45,2,41,40,23,78,0,0,0,3,0,3,0,11,36,4,33,38,10,0,0,0,7,12,8,0,1,4,6,0
A15_2LZM,9,33,22,14,121,156,18,15,4,33,58,46,21,17,6,420,540,264,93,134,67,150,1,1,128,49,173,127,158,221,160,20,16,27,9,1,14,15,10,9,44,13,31,39,17,50,54,74,79,0,0,12,2,12,1,1,14,29,15,37,40,18,0,1,0,9,9,11,4,0,5,5,0
A28_2LZM,8,33,14,14,109,120,29,7,3,41,73,22,16,19,8,355,337,231,45,167,113,96,2,0,109,100,88,137,175,273,106,48,36,11,5,3,6,15,5,35,39,34,8,63,3,44,47,27,111,0,0,8,0,12,0,5,25,45,7,29,41,11,1,0,0,5,14,17,1,1,4,6,1
A16_2LZM,8,29,14,14,113,106,12,5,0,33,69,25,14,19,7,357,400,191,107,91,41,55,0,0,143,78,121,127,127,263,102,11,15,5,4,2,0,0,0,11,28,27,13,62,6,45,39,32,104,0,0,0,4,0,0,2,18,41,7,34,33,15,0,0,0,4,10,14,0,1,3,7,0
A27_2LZM,11,33,32,23,135,189,19,20,3,26,91,97,22,34,14,356,751,276,106,166,102,171,3,1,96,60,366,171,147,383,283,20,38,39,9,1,10,8,10,6,40,40,78,55,63,47,62,96,149,0,0,8,5,11,1,0,9,56,50,36,55,54,0,1,0,7,23,32,4,0,5,11,2
A17_2LZM,8,38,15,13,113,149,51,5,2,42,67,30,23,15,6,344,431,338,52,288,208,72,17,0,138,65,149,115,168,209,161,93,41,5,4,5,3,14,5,27,78,11,14,57,11,37,45,66,97,0,0,6,1,3,8,1,17,32,10,39,37,14,0,0,1,12,14,10,3,0,5,5,0
A57_2LZM,7,22,9,12,99,59,8,1,0,21,57,14,8,14,6,292,263,89,95,65,24,10,1,0,103,66,63,150,55,254,45,5,9,0,0,4,0,0,0,5,15,23,3,50,3,36,27,15,79,0,0,0,3,0,0,1,9,33,4,17,13,9,0,0,0,2,9,8,0,1,1,6,0
A58_2LZM,9,32,22,14,102,157,23,10,2,31,53,57,21,10,7,351,484,273,55,155,105,113,3,0,110,28,204,133,154,208,199,26,21,18,7,2,5,11,5,18,41,8,24,42,37,41,32,92,55,0,0,5,1,6,3,0,11,25,28,29,16,10,0,0,1,9,11,6,2,0,8,2,1
A59_2LZM,6,23,5,10,79,44,18,0,1,28,45,7,12,6,7,257,141,77,38,131,41,0,1,0,92,49,20,83,58,172,41,30,23,0,3,1,2,7,0,17,19,11,0,44,0,46,22,12,36,0,0,4,1,3,0,0,12,33,4,22,11,3,0,0,1,6,10,3,0,0,5,3,2
A18_2LZM,7,34,9,12,87,85,33,0,1,41,75,17,21,11,7,287,213,200,53,185,72,0,8,0,131,114,89,67,104,204,79,40,43,0,1,5,0,8,0,32,67,24,0,75,5,30,29,36,73,0,0,4,0,3,4,0,16,46,7,41,30,9,0,0,1,11,19,9,1,0,6,4,1
A56_2LZM,7,27,11,10,102,96,19,4,2,38,46,16,8,11,4,277,347,190,88,143,71,52,0,0,163,40,82,120,149,180,86,28,16,3,1,2,7,10,4,29,15,8,9,54,3,52,23,16,69,0,0,7,1,3,1,1,24,20,3,14,10,6,0,0,1,2,4,7,2,0,2,3,0
A25_2LZM,12,33,42,24,91,247,15,52,2,36,76,111,18,42,15,291,654,327,44,88,129,490,0,24,99,57,350,94,291,207,356,23,17,123,7,1,7,2,10,25,17,28,114,61,55,43,37,92,165,0,0,7,3,6,0,12,21,47,52,25,53,50,0,1,0,6,18,49,2,2,4,11,3
A26_2LZM,11,33,32,23,107,190,15,24,2,27,88,90,24,36,15,331,621,284,90,92,77,217,1,4,94,70,314,110,159,300,264,9,25,52,2,3,3,6,6,11,38,44,64,56,54,40,49,98,151,0,0,3,1,8,2,8,7,60,47,36,67,44,0,1,0,8,22,43,2,2,8,9,3
A19_2LZM,7,21,7,14,62,37,17,1,1,19,61,9,13,14,11,217,117,33,40,119,23,5,6,0,86,63,37,72,35,193,16,16,42,0,0,1,0,2,1,12,31,17,3,55,1,20,19,13,59,0,0,0,3,2,2,1,8,56,2,18,17,4,0,0,0,3,22,12,2,0,3,9,3
A20_2LZM,8,17,11,17,62,46,15,1,0,19,57,21,8,21,13,217,173,6,40,113,36,5,6,0,86,32,72,72,53,199,39,15,40,0,0,1,0,0,0,12,25,21,4,56,5,20,19,16,73,0,0,0,3,0,2,1,8,54,9,18,11,16,0,0,0,3,18,18,0,1,1,13,3
A21_2LZM,4,11,1,5,49,3,2,0,1,11,8,0,10,2,2,182,15,0,51,10,0,0,0,0,65,0,0,54,3,41,0,0,0,0,0,0,2,1,0,4,3,0,0,5,0,19,38,0,2,0,0,2,0,0,1,0,4,2,0,9,4,0,0,0,0,7,3,0,2,0,3,1,0
A23_2LZM,6,15,4,11,58,21,19,0,0,14,32,3,11,10,7,196,76,0,41,132,36,0,10,0,59,4,11,72,24,123,8,31,27,0,0,4,0,0,0,12,28,4,0,21,0,17,37,5,33,0,0,0,0,0,2,0,4,21,0,17,14,2,0,0,0,4,10,5,0,1,5,6,1
A24_2LZM,8,24,14,14,66,75,23,6,3,17,51,25,18,16,9,249,204,79,33,142,62,44,5,0,65,43,72,80,55,171,59,26,35,7,0,4,2,10,6,12,42,19,14,35,7,19,32,31,56,0,0,5,0,8,6,2,6,32,8,14,34,6,1,0,0,4,17,19,4,0,6,5,2
A22_2LZM,4,12,1,5,47,4,4,0,1,13,12,0,9,2,2,170,18,0,53,24,2,0,0,0,67,2,0,50,4,54,0,4,2,0,0,2,1,2,0,4,6,1,0,6,0,18,24,0,5,0,0,2,0,0,0,0,6,5,0,17,3,0,0,0,0,5,2,0,2,0,3,1,0
A34_2LZM,7,31,12,9,88,96,23,6,4,45,60,16,11,10,3,249,255,171,46,129,62,71,0,1,124,105,84,89,132,161,52,32,36,4,4,2,6,12,7,34,26,27,10,78,4,45,22,20,68,0,0,16,2,9,1,2,29,25,2,28,19,3,1,1,0,7,8,8,2,0,1,1,0
A35_2LZM,5,21,5,5,74,41,26,0,0,25,27,6,8,3,1,198,127,56,44,182,51,0,18,0,78,22,30,96,49,91,22,43,17,0,6,3,0,0,0,24,32,4,0,25,1,33,22,13,19,0,0,0,5,0,2,0,10,3,1,12,4,2,0,0,0,7,7,1,0,0,0,0,0
A32_2LZM,7,32,9,12,116,79,37,0,3,35,71,17,18,11,7,323,293,160,88,243,86,0,17,0,111,91,88,135,81,246,72,51,41,0,0,4,4,21,0,26,62,15,0,72,5,45,58,29,66,0,0,8,0,11,6,0,13,47,7,25,28,9,1,0,1,11,18,9,3,0,3,4,1
A33_2LZM,8,41,16,12,113,163,38,6,1,59,76,33,23,12,5,293,455,403,62,211,144,88,8,0,190,121,184,95,235,181,171,53,43,7,3,0,2,5,2,42,60,27,16,89,14,51,45,76,85,0,0,3,4,2,7,0,32,33,11,44,33,11,0,0,1,21,15,8,1,0,4,3,0
A42_2LZM,11,32,32,23,92,203,26,23,2,33,77,95,18,29,18,180,545,255,45,136,196,229,17,0,84,62,318,92,226,226,349,38,23,58,8,6,1,4,5,23,33,32,68,55,56,39,46,92,117,0,0,3,2,11,2,0,17,56,61,32,31,36,0,1,0,7,20,29,0,0,6,17,5
A31_2LZM,7,30,8,13,126,75,27,0,0,36,79,14,13,12,9,323,328,170,107,242,75,0,6,0,164,92,83,166,88,304,71,34,47,0,3,2,0,0,0,22,36,20,0,80,3,46,33,21,88,0,0,0,6,0,2,0,17,64,6,40,20,8,0,0,0,4,18,10,0,0,2,6,2
A63_2LZM,11,30,32,23,97,211,26,27,2,37,53,88,16,31,19,320,652,226,37,160,206,281,6,3,111,35,223,99,268,188,384,45,23,66,10,3,4,6,9,25,15,9,71,50,41,57,35,89,116,0,0,8,0,7,5,1,15,31,55,24,27,33,0,1,0,10,12,35,0,0,5,19,6
A67_2LZM,9,32,17,19,95,152,28,6,0,41,62,39,21,23,16,329,450,270,48,180,172,91,7,0,108,55,137,110,220,208,234,58,31,8,0,4,0,0,0,29,21,9,20,48,11,49,31,58,122,0,0,0,0,0,0,0,22,39,23,40,39,21,0,0,0,10,20,23,0,0,10,15,5
A45_2LZM,9,29,16,20,68,113,19,6,0,25,77,33,21,28,17,168,281,192,54,106,70,66,0,0,66,59,113,66,107,194,124,20,36,8,1,3,0,0,0,11,46,22,17,54,8,25,19,53,148,0,0,0,4,0,0,3,7,75,14,21,44,20,0,0,0,9,20,34,0,0,10,17,5
A46_2LZM,9,27,16,20,71,106,19,5,0,24,72,35,19,27,17,177,304,151,56,121,78,51,0,0,72,56,117,71,102,188,129,28,33,6,0,3,0,0,0,7,41,23,15,52,11,26,23,48,130,0,0,0,3,0,0,3,9,67,17,24,39,21,0,0,0,7,19,31,0,0,9,17,5
A36_2LZM,5,17,6,4,66,39,7,1,3,22,11,6,6,3,0,225,140,47,56,48,15,8,1,0,97,2,13,83,48,51,22,4,1,0,4,2,5,6,2,13,6,0,2,7,1,29,15,10,11,0,0,14,0,4,0,0,13,0,0,11,5,2,0,1,0,4,0,0,1,0,0,0,0
A37_2LZM,4,12,3,3,54,17,1,0,1,12,7,2,5,2,0,196,69,19,56,8,0,0,0,0,55,3,3,69,18,37,6,0,0,0,5,1,2,1,0,0,2,0,0,2,0,24,15,4,6,0,0,3,1,1,0,0,6,0,0,7,4,1,0,0,0,3,0,0,1,0,0,0,0
A38_2LZM,6,16,6,9,63,29,10,0,1,16,27,8,11,8,4,234,104,21,47,83,16,0,0,0,62,7,21,68,27,113,15,21,13,0,3,0,2,4,0,8,17,4,0,23,1,28,34,13,25,0,0,3,0,3,0,0,7,14,2,17,11,4,0,0,1,5,5,6,0,1,5,0,1
A41_2LZM,8,21,12,16,73,61,10,3,2,18,56,23,13,17,13,171,183,60,57,80,25,20,0,0,66,41,60,81,53,228,62,8,19,2,2,3,2,3,2,6,23,21,11,35,4,29,33,26,57,0,0,4,0,8,0,0,6,59,12,22,21,11,0,0,1,6,14,15,1,0,5,11,4
A39_2LZM,6,19,5,10,68,29,17,0,1,17,40,7,12,6,7,187,94,31,46,130,23,0,0,0,68,22,26,76,26,166,15,28,26,0,3,3,1,2,0,6,34,3,0,29,0,30,24,11,26,0,0,1,2,3,0,0,7,34,4,19,9,3,0,0,0,5,11,3,1,0,5,3,2
A40_2LZM,6,19,3,12,72,18,11,0,0,17,53,2,12,8,10,162,58,22,57,94,6,0,0,0,71,48,4,77,18,214,6,13,23,0,0,3,0,0,0,4,26,12,0,35,0,31,30,4,33,0,0,0,3,0,0,0,7,54,0,22,15,1,0,0,0,5,14,4,0,0,5,7,3
A43_2LZM,10,32,26,19,74,172,22,20,3,29,68,64,21,20,16,222,381,258,42,87,109,188,0,0,65,45,210,70,167,191,231,30,26,50,1,2,1,15,12,14,44,17,40,42,23,22,24,85,91,0,0,7,2,10,2,0,11,64,42,31,33,15,1,1,0,6,19,20,0,0,10,15,5
A44_2LZM,8,27,10,18,59,68,19,0,0,20,77,20,22,20,16,157,121,118,36,88,43,0,0,0,39,76,63,56,57,217,65,22,35,0,0,2,0,0,0,7,53,26,0,46,5,15,23,38,102,0,0,0,4,0,1,0,5,80,10,21,37,15,0,0,0,8,24,20,0,0,11,15,5
A47_2LZM,11,19,32,23,62,117,10,23,3,18,43,95,12,29,18,208,366,48,40,53,56,123,0,0,59,12,177,59,115,151,192,16,15,58,0,0,3,13,12,3,16,8,68,26,56,25,36,61,71,0,0,4,0,13,0,0,7,32,61,21,16,36,1,1,0,6,15,29,0,0,5,17,5
A55_2LZM,5,20,5,5,76,40,14,1,2,27,22,4,7,4,1,231,130,67,45,95,26,12,0,0,106,34,16,92,62,86,17,21,11,0,0,1,8,9,1,23,8,2,2,26,0,33,29,5,22,0,0,8,0,2,1,0,18,3,0,6,10,1,0,1,1,3,2,2,0,0,1,0,0
A48_2LZM,7,17,6,15,62,28,6,0,0,15,46,8,14,14,13,182,101,19,50,45,5,0,0,0,59,30,10,57,28,160,20,4,12,0,0,3,0,0,0,3,17,16,0,29,1,24,45,13,42,0,0,0,0,0,1,0,6,45,2,21,22,5,0,0,0,6,17,12,0,0,6,11,4
A49_2LZM,6,17,3,12,59,17,11,0,0,15,40,2,14,8,10,175,62,14,41,72,8,0,0,0,58,21,1,59,18,144,6,13,17,0,0,3,0,0,0,5,26,6,0,26,0,25,35,5,28,0,0,0,0,0,2,0,6,35,0,19,17,1,0,0,0,6,16,4,0,0,6,7,3
A50_2LZM,6,15,4,11,54,19,8,0,0,14,32,4,12,8,8,179,66,16,33,50,4,0,0,0,53,4,10,58,20,126,11,10,15,0,0,3,0,0,0,4,21,5,0,20,0,24,30,4,18,0,0,0,0,0,0,0,6,25,1,18,18,2,0,0,0,6,11,5,0,0,5,5,2
A51_2LZM,5,14,2,8,49,9,8,0,0,12,23,1,12,4,5,181,30,10,21,42,0,0,0,0,33,2,1,54,6,83,2,16,12,0,0,3,0,0,0,0,20,3,0,15,0,25,34,2,7,0,0,0,0,0,0,0,5,14,0,15,11,0,0,0,0,6,8,2,0,0,5,2,1
A52_2LZM,5,16,4,6,43,20,4,0,0,21,28,4,8,4,2,173,58,25,21,22,2,0,0,0,62,27,8,40,18,81,10,2,7,0,0,0,0,0,0,10,7,14,0,41,1,23,6,6,10,0,0,0,3,0,0,0,13,12,0,15,10,0,0,0,0,5,2,4,0,0,2,0,0
A53_2LZM,4,16,2,4,44,14,11,0,1,24,24,1,4,2,1,159,34,20,22,48,7,0,0,0,58,30,5,50,19,66,2,20,13,0,0,0,4,5,0,21,8,2,0,37,0,21,5,2,10,0,0,4,1,1,0,0,17,9,0,8,4,0,0,0,1,2,2,1,0,0,0,0,0
A54_2LZM,7,23,12,9,75,81,19,2,2,31,37,24,8,6,3,265,243,118,44,112,64,22,0,0,76,17,103,94,114,123,86,33,17,1,0,1,8,10,1,24,23,3,6,48,11,35,24,24,25,0,0,6,1,6,0,0,21,12,8,12,5,6,0,1,1,3,7,2,0,0,1,1,0
A60_2LZM,6,18,3,12,70,20,8,0,0,19,48,2,11,8,10,229,69,29,47,71,6,0,0,0,61,43,7,81,26,209,9,8,21,0,0,1,0,0,0,8,13,9,0,41,0,35,25,2,37,0,0,0,2,0,0,0,8,45,0,18,14,1,0,0,0,5,13,4,0,0,5,7,3
A62_2LZM,8,18,10,18,72,52,4,1,0,19,52,18,11,21,16,254,183,54,50,33,12,9,0,0,64,28,39,81,63,241,59,2,11,0,0,1,0,0,0,6,5,21,4,40,5,35,28,20,78,0,0,0,2,0,0,1,8,55,6,20,19,10,0,0,0,5,12,24,0,0,5,15,5
A61_2LZM,6,17,3,12,72,16,8,0,0,13,37,2,16,8,10,242,59,18,48,78,0,0,3,0,43,21,2,92,17,183,6,5,11,0,0,1,0,0,0,2,27,6,0,18,0,27,48,4,23,0,0,0,1,0,1,0,5,32,0,20,19,1,0,0,0,5,14,4,0,0,9,7,3
A64_2LZM,8,20,10,18,75,52,7,0,0,14,48,20,20,20,16,274,181,64,56,73,13,0,0,0,36,29,33,96,43,225,55,7,15,0,0,2,0,0,0,0,21,12,0,20,5,28,50,34,66,0,0,0,0,0,0,0,5,44,10,19,35,15,0,0,0,8,21,20,0,0,10,15,5
A65_2LZM,8,22,10,18,73,60,8,0,0,18,52,20,21,20,16,280,184,91,54,76,16,0,0,0,46,26,40,91,56,222,62,10,18,0,0,2,0,0,0,0,22,8,0,25,5,28,40,39,84,0,0,0,0,0,0,0,7,46,10,25,34,15,0,0,0,10,23,20,0,0,10,15,5
A66_2LZM,8,24,10,18,77,70,11,0,0,22,54,20,22,20,16,289,208,116,66,88,32,0,2,0,55,26,45,95,75,222,79,14,17,0,0,2,0,0,0,4,26,4,0,28,5,29,41,43,96,0,0,0,0,0,1,0,9,46,10,27,35,15,0,0,0,12,24,20,0,0,10,15,5
A68_2LZM,8,22,10,18,91,64,2,0,0,22,50,20,20,20,16,323,238,98,81,19,6,0,0,0,70,30,39,107,74,242,73,1,4,0,0,1,0,0,0,2,4,7,0,25,5,45,61,40,89,0,0,0,0,0,0,0,10,44,10,35,30,15,0,0,0,10,20,20,0,0,10,15,5
A69_2LZM,8,22,10,18,97,64,2,0,0,22,50,20,20,20,16,335,260,99,85,22,4,0,0,0,80,28,40,117,74,254,72,0,5,0,0,1,0,0,0,2,5,6,0,25,5,47,65,40,90,0,0,0,0,0,0,0,10,44,10,35,30,15,0,0,0,10,20,20,0,0,10,15,5
A70_2LZM,8,25,10,18,107,76,14,0,0,25,57,20,21,20,16,316,319,131,82,137,51,0,0,0,91,27,55,144,89,292,91,26,21,0,0,3,0,0,0,7,24,4,0,30,5,53,51,41,104,0,0,0,0,0,1,0,11,49,10,36,33,15,0,0,0,10,22,20,0,0,10,15,5
A71_2LZM,9,31,17,19,119,140,19,7,1,37,60,37,23,24,16,395,511,248,74,174,88,90,0,0,113,33,107,154,197,276,194,26,23,11,0,3,4,7,4,17,28,7,19,36,8,65,58,63,125,0,0,3,0,2,3,1,23,42,21,38,44,21,0,0,0,11,22,25,1,0,10,15,5
A72_2LZM,8,25,10,18,105,70,10,0,0,23,61,20,22,20,16,391,266,119,65,111,22,0,0,0,60,43,50,140,76,297,76,12,20,0,0,2,0,0,0,0,24,12,0,31,5,52,68,42,100,0,0,0,1,0,2,0,11,53,10,34,34,15,0,0,0,10,26,20,0,0,10,15,5
A73_2LZM,8,26,10,18,106,71,10,0,0,24,67,20,22,20,16,383,256,122,62,109,23,0,0,0,67,62,53,151,77,327,78,8,21,0,0,1,0,0,0,3,24,20,0,34,5,47,59,41,101,0,0,0,2,0,1,0,11,60,10,37,34,15,0,0,0,10,27,20,0,0,10,15,5
A74_2LZM,11,42,32,23,128,273,29,26,2,56,81,88,31,34,17,433,808,502,50,192,197,342,4,0,169,64,301,143,388,294,438,43,24,70,4,3,6,16,7,35,41,19,61,68,43,68,48,164,193,0,0,6,0,9,6,7,33,42,50,56,52,42,0,1,0,21,26,36,0,1,12,15,5
A75_2LZM,9,33,17,19,128,146,23,9,1,38,68,33,24,26,16,375,537,280,74,204,110,128,1,0,130,52,84,173,207,317,174,33,26,17,2,2,3,8,4,22,34,16,14,39,5,64,60,63,150,0,0,3,2,2,3,6,24,55,17,33,48,18,0,0,0,11,25,29,1,0,10,15,5
A104_2LZM,9,36,18,18,132,160,25,9,2,48,76,38,24,23,14,463,527,306,80,210,110,119,0,0,143,81,149,158,245,326,204,33,31,13,4,1,7,10,5,26,45,21,25,60,11,68,64,64,133,0,0,5,2,5,2,3,32,51,18,44,49,15,0,0,1,15,25,24,3,0,8,13,4
A76_2LZM,8,25,10,18,112,65,10,0,0,21,68,20,21,20,16,321,262,102,76,106,18,0,0,0,68,68,51,167,64,353,66,9,26,0,0,2,0,0,0,3,22,25,0,34,5,48,65,39,98,0,0,0,3,0,2,0,8,63,10,33,31,15,0,0,0,8,26,20,0,0,10,15,5
A77_2LZM,9,30,17,19,116,135,16,9,1,37,65,33,19,26,16,333,458,230,74,139,74,118,0,0,117,44,94,153,196,289,161,23,26,17,5,1,4,6,3,18,18,16,14,47,5,59,60,51,148,0,0,5,2,3,2,6,23,50,17,34,34,18,0,0,1,7,21,29,0,0,9,15,5
A78_2LZM,10,36,24,21,108,206,36,17,3,44,68,55,22,31,17,329,606,371,54,244,209,224,3,3,121,13,171,130,275,235,300,59,40,32,5,1,7,18,13,28,41,5,37,60,15,62,35,89,179,0,0,10,0,8,8,6,24,47,31,27,38,30,0,0,1,12,21,34,2,0,8,17,5
A100_2LZM,10,44,24,21,156,233,37,13,1,56,105,63,28,27,17,456,779,526,107,272,210,193,0,0,179,127,301,194,320,440,354,52,51,25,2,5,4,7,4,37,51,36,41,91,26,78,56,114,179,0,0,2,4,3,7,0,30,90,39,51,51,31,0,0,0,20,27,26,1,0,10,17,5
A103_2LZM,11,34,29,26,130,208,23,19,2,41,84,80,22,44,22,434,743,308,105,184,146,221,0,2,124,46,262,166,280,379,343,34,36,38,2,2,8,13,8,24,35,20,62,62,36,56,55,97,211,0,0,5,1,10,0,6,27,71,46,41,51,51,1,0,0,10,20,56,0,2,10,25,6
A79_2LZM,7,25,6,15,90,52,16,0,0,27,62,8,18,14,13,338,154,106,69,115,35,0,1,0,73,50,26,112,73,253,42,18,28,0,0,4,0,0,0,15,31,9,0,40,1,35,49,18,87,0,0,0,1,0,1,0,15,52,2,33,27,5,0,0,0,8,24,12,0,0,7,11,4
A80_2LZM,7,23,7,14,86,45,12,0,1,23,53,11,19,13,11,350,155,77,62,101,16,0,2,0,62,40,28,95,51,210,31,9,20,0,0,3,4,3,0,8,29,11,0,42,1,37,57,22,62,0,0,1,0,3,2,0,13,43,5,28,26,8,0,0,0,8,19,9,2,0,8,9,3
A81_2LZM,8,22,11,17,92,60,11,0,0,19,60,23,17,20,13,312,258,73,66,115,35,0,0,0,52,47,58,122,48,253,65,12,21,0,3,2,0,0,0,0,13,30,0,46,7,38,51,33,78,0,0,0,1,0,4,0,10,45,11,23,28,17,0,0,0,8,23,20,0,1,6,11,3
A108_2LZM,9,37,20,16,113,190,38,12,3,49,56,45,22,14,13,401,541,358,58,266,206,166,4,0,143,32,143,122,277,204,276,66,25,22,10,1,11,24,9,40,37,4,28,36,16,60,32,87,74,0,0,12,2,10,6,0,28,47,28,37,27,5,0,1,0,15,18,12,0,0,7,11,4
A84_2LZM,9,32,20,16,90,160,25,15,2,40,54,36,19,23,10,317,447,280,45,171,130,186,3,3,116,24,111,111,224,195,176,31,23,23,3,2,3,11,8,30,36,9,25,40,9,39,15,55,117,0,0,7,0,4,0,7,22,33,11,29,38,11,0,0,0,10,12,29,2,0,8,6,2
A85_2LZM,11,23,31,24,98,137,7,19,0,17,53,94,20,34,18,348,569,135,69,68,42,129,0,0,65,17,188,139,106,281,220,5,15,44,1,2,0,0,0,6,13,20,59,22,62,30,50,106,108,0,0,0,1,0,0,5,5,40,58,26,27,42,0,0,0,8,17,40,0,1,10,15,4
A82_2LZM,5,20,2,8,76,13,16,0,1,19,35,1,15,4,5,277,50,20,47,135,4,0,3,0,42,33,2,88,12,135,3,22,13,0,0,1,3,4,0,0,35,4,0,25,0,38,45,2,14,0,0,3,0,1,4,0,10,19,0,20,12,0,0,0,0,8,15,2,2,0,4,2,1
A83_2LZM,6,25,6,9,79,56,19,2,0,32,41,5,14,8,5,309,148,122,40,130,41,27,0,0,80,36,19,77,88,141,32,33,20,1,3,0,0,0,0,12,30,9,2,34,0,47,37,9,48,0,0,0,2,0,2,2,19,15,1,22,21,0,0,0,0,8,14,6,0,0,4,2,1
A86_2LZM,7,21,7,14,85,41,12,0,0,14,55,11,15,13,11,272,169,58,47,102,26,0,1,0,37,59,24,137,21,240,32,6,20,0,0,2,0,0,0,5,18,20,0,38,1,24,41,19,55,0,0,0,1,0,4,0,5,52,5,17,24,8,0,0,0,4,14,9,0,0,6,9,3
A112_2LZM,9,30,22,14,119,163,19,16,1,34,41,47,17,12,9,385,619,264,73,147,110,182,3,0,113,14,127,154,192,197,209,25,10,36,6,5,5,7,3,15,21,7,24,32,16,73,45,77,53,0,0,3,0,4,2,0,15,25,24,21,15,8,0,0,0,12,12,10,0,0,5,6,2
A87_2LZM,9,30,19,17,94,156,17,10,0,45,62,42,11,19,13,331,469,268,57,108,93,133,1,0,145,28,166,118,254,211,222,18,22,16,2,2,0,0,0,29,17,10,27,64,13,47,19,45,111,0,0,0,1,0,2,1,31,47,23,28,15,14,0,0,0,7,14,17,0,0,1,11,4
A88_2LZM,8,27,12,16,85,103,21,3,1,37,62,23,11,17,13,327,306,177,54,125,93,40,1,0,123,37,84,112,165,233,137,30,25,2,0,2,0,5,2,32,20,13,11,56,4,34,16,28,99,0,0,3,0,3,2,0,24,56,12,21,18,11,0,0,0,7,15,15,1,0,1,11,4
A89_2LZM,6,20,3,12,75,26,11,0,0,22,54,2,10,8,10,274,73,50,51,73,15,0,0,0,58,50,9,104,41,222,11,11,18,0,0,0,0,0,0,15,22,7,0,45,0,28,28,3,55,0,0,0,1,0,0,0,14,50,0,22,12,1,0,0,0,1,13,4,0,0,4,7,3
A90_2LZM,7,23,10,11,103,74,7,4,1,26,34,14,14,10,7,345,291,127,77,66,19,47,0,0,92,29,32,140,105,168,64,4,5,4,0,0,4,2,1,8,16,4,7,20,0,53,66,21,46,0,0,3,0,3,0,1,16,20,6,16,23,4,0,0,0,6,9,8,1,0,5,3,2
A91_2LZM,8,27,14,14,114,97,19,0,0,28,48,36,22,12,8,401,413,163,94,166,73,0,2,0,134,23,112,145,101,239,129,25,18,0,0,1,0,0,0,18,38,13,0,41,19,48,58,68,56,0,0,0,0,0,2,0,11,23,20,30,20,16,0,0,0,12,14,12,0,1,10,0,2
A118_2LZM,9,29,17,19,94,127,15,6,0,36,73,39,16,23,16,269,390,208,61,92,74,81,0,0,115,53,148,119,180,277,175,15,15,8,2,2,0,0,0,23,27,22,20,65,11,45,24,41,114,0,0,0,2,0,2,0,20,66,23,29,33,21,0,0,0,7,20,23,0,0,6,15,5
A122_2LZM,8,30,14,14,97,110,15,4,0,36,56,30,22,12,10,344,339,203,46,101,58,42,0,0,125,56,111,109,140,203,138,15,12,3,0,2,0,0,0,17,31,18,14,47,10,45,46,54,50,0,0,0,3,0,2,0,17,34,17,39,31,9,0,0,0,13,20,7,0,0,9,7,3
A96_2LZM,10,31,23,22,136,157,16,12,1,35,86,59,17,30,19,453,636,232,130,154,85,127,0,0,151,70,214,174,203,442,241,20,21,23,0,2,1,2,4,14,36,41,37,60,22,63,51,63,135,0,0,3,4,3,0,1,19,88,36,31,34,31,0,0,0,9,22,35,1,0,5,19,6
A92_2LZM,6,24,5,10,99,41,18,0,1,26,47,7,15,6,7,412,156,83,81,156,26,0,0,0,102,43,25,112,46,218,31,24,22,0,0,3,2,5,0,9,33,5,0,37,0,51,42,14,31,0,0,3,1,3,2,0,12,38,4,28,15,3,0,0,0,8,14,3,1,0,5,3,2
A93_2LZM,6,22,3,12,99,22,13,0,0,22,62,2,13,8,10,403,86,37,84,119,10,0,0,0,97,73,9,120,25,293,9,14,24,0,0,4,0,0,0,4,29,14,0,45,0,45,41,2,40,0,0,0,2,0,1,0,11,59,0,30,17,1,0,0,0,5,18,4,0,0,5,7,3
A95_2LZM,11,37,31,24,134,227,35,23,1,41,91,86,25,38,18,504,783,332,74,224,222,255,15,2,135,74,325,156,274,377,363,55,46,50,1,3,1,6,2,29,68,34,70,62,45,59,65,117,179,0,0,2,1,5,4,6,19,68,46,42,60,42,0,0,1,15,22,46,1,2,8,16,5
A94_2LZM,8,30,14,14,133,99,27,6,4,25,59,26,22,14,10,469,402,152,89,247,72,58,2,0,100,52,95,181,87,294,90,41,30,7,2,2,19,16,6,2,65,11,13,25,7,58,73,40,61,0,0,13,1,11,3,3,10,45,13,32,39,6,1,2,0,8,18,11,3,0,9,7,3
A98_2LZM,11,49,32,23,154,302,48,24,3,59,116,93,33,30,18,491,934,650,92,279,297,328,14,0,192,145,467,179,388,427,491,67,62,63,1,6,1,19,12,45,92,39,64,87,53,64,51,166,191,0,0,7,1,10,5,2,28,89,58,64,56,35,1,1,1,21,31,34,2,0,13,16,5
A156_2LZM,7,32,9,12,116,77,33,1,2,40,71,14,20,14,6,411,265,146,50,252,62,14,6,0,144,99,64,141,97,263,58,44,51,0,0,1,8,12,0,31,59,31,3,73,2,56,53,26,83,0,0,6,1,5,7,1,19,37,4,38,37,11,0,1,1,13,14,8,2,1,6,4,1
A157_2LZM,6,27,9,6,95,72,22,3,3,41,31,11,13,5,1,335,230,130,63,170,31,36,9,0,162,26,40,93,103,113,36,39,30,2,4,0,7,19,3,34,28,10,5,40,2,49,33,25,27,0,0,13,1,6,1,0,26,5,1,29,15,3,1,0,1,9,2,2,2,0,2,0,0
A99_2LZM,8,36,10,18,139,102,35,0,0,38,100,20,25,20,16,398,353,250,132,271,114,0,4,0,128,127,91,192,123,472,117,48,49,0,0,10,0,0,0,24,72,28,0,71,5,53,52,49,148,0,0,0,1,0,5,0,15,102,10,42,41,15,0,0,0,15,30,20,0,0,10,15,5
A152_2LZM,13,39,49,29,117,313,18,64,4,49,103,146,22,55,21,364,884,446,54,114,144,634,1,25,137,86,517,138,414,369,499,21,32,174,0,0,4,14,22,29,24,39,182,99,79,52,46,139,267,0,0,10,1,14,1,10,31,76,71,39,57,75,0,2,1,13,23,69,3,0,5,25,5
A153_2LZM,10,41,24,21,138,213,29,19,2,57,108,50,22,35,16,408,694,424,55,198,160,256,1,5,203,151,235,157,330,381,264,39,47,27,2,4,6,10,7,42,42,59,50,106,14,69,47,68,214,0,0,6,2,6,1,9,36,88,17,47,59,22,0,0,1,12,27,45,2,0,6,17,4
A102_2LZM,9,33,16,20,140,129,26,5,2,35,81,35,25,27,17,413,497,237,135,220,106,58,0,0,127,68,132,191,167,433,168,38,34,6,0,6,0,8,5,21,58,22,15,47,11,53,71,57,142,0,0,6,1,3,1,3,19,75,17,40,50,21,0,1,0,10,23,31,4,0,12,17,5
A149_2LZM,9,38,16,20,129,152,37,3,0,44,100,39,26,25,17,343,511,321,73,270,154,45,8,0,155,126,201,161,203,368,215,48,62,2,0,4,0,0,0,37,72,30,14,84,14,50,51,64,163,0,0,0,4,0,4,0,23,82,23,43,52,26,0,0,0,11,30,25,0,0,12,17,5
A105_2LZM,6,24,3,12,110,23,15,0,1,23,55,2,20,8,10,406,90,44,87,158,8,0,2,0,94,66,3,150,27,283,8,16,17,0,0,4,3,3,0,2,43,9,0,31,0,45,68,6,40,0,0,3,0,1,2,0,10,42,0,32,20,1,0,0,1,11,26,4,2,0,8,7,3
A106_2LZM,8,25,10,18,100,64,10,0,0,23,69,19,21,22,15,398,252,97,90,99,25,0,0,0,94,67,54,128,59,314,61,7,19,0,2,2,0,0,0,6,24,26,0,50,5,38,48,34,102,0,0,0,2,0,1,0,8,60,8,30,38,14,0,0,0,11,24,23,0,2,10,14,4
A111_2LZM,10,26,23,22,96,135,13,10,2,29,63,62,16,30,18,421,482,150,81,91,68,87,1,0,112,30,170,120,167,299,223,13,16,16,0,0,2,5,6,17,22,22,38,45,27,42,24,66,114,0,0,3,3,6,3,0,14,59,38,22,26,37,1,0,0,11,13,30,4,0,5,19,5
A107_2LZM,8,24,11,17,101,63,13,0,2,19,57,24,22,18,14,391,265,84,79,125,28,0,0,0,69,41,55,130,50,272,65,13,20,0,2,2,5,8,0,6,31,17,0,35,8,39,61,42,74,0,0,3,2,6,2,0,6,53,13,27,29,15,0,1,0,9,19,19,4,0,11,11,4
A110_2LZM,7,19,6,15,88,35,8,0,0,14,53,8,13,14,13,326,142,48,66,81,10,0,0,0,35,37,21,124,32,264,25,6,18,0,0,2,0,0,0,0,20,12,0,24,1,40,49,12,58,0,0,0,3,0,0,0,5,54,2,18,22,5,0,0,0,5,16,12,0,0,5,11,4
A109_2LZM,6,19,3,12,85,20,11,0,0,14,49,2,13,8,10,294,83,32,61,108,8,0,0,0,39,43,6,121,18,242,6,11,20,0,0,2,0,0,0,0,27,7,0,24,0,39,37,4,38,0,0,0,3,0,0,0,5,47,0,20,16,1,0,0,0,4,14,4,0,0,6,7,3
A113_2LZM,6,20,5,10,79,33,4,0,0,22,41,6,13,8,6,338,122,55,51,31,2,0,0,0,81,50,9,91,40,184,20,2,7,0,0,3,0,0,0,4,11,15,0,35,1,41,35,15,40,0,0,0,0,0,0,0,11,27,1,19,13,2,0,0,0,8,9,7,0,0,5,3,1
A114_2LZM,7,28,10,11,105,89,23,0,0,35,45,21,17,8,6,307,323,188,70,177,76,0,0,0,120,21,88,135,119,208,102,34,20,0,1,4,0,0,0,22,42,2,0,40,9,59,33,45,52,0,0,0,0,0,0,0,19,27,9,31,11,6,0,0,0,10,8,9,0,0,7,1,1
A115_2LZM,7,24,9,12,106,69,14,0,0,26,45,18,15,9,8,312,282,129,74,128,44,0,0,0,92,23,63,141,78,215,76,21,17,0,1,2,0,0,0,6,23,4,0,33,6,57,54,34,50,0,0,0,0,0,0,0,12,35,9,29,12,6,0,0,0,8,11,9,0,0,6,3,2
A116_2LZM,6,22,3,12,85,25,11,0,0,26,59,2,13,8,10,238,80,44,57,75,16,0,0,0,87,68,5,109,36,252,10,15,16,0,0,3,0,0,0,15,23,10,0,49,0,41,30,5,49,0,0,0,1,0,0,0,12,57,0,31,16,1,0,0,0,7,16,4,0,0,5,7,3
A117_2LZM,10,35,25,20,91,185,18,13,1,43,76,69,26,23,15,313,464,284,46,88,97,147,0,0,118,65,242,87,230,214,277,16,9,24,7,1,2,5,2,25,45,23,43,64,38,33,31,108,115,0,0,3,2,5,3,0,20,51,42,54,50,25,0,0,0,18,24,21,1,0,8,13,4
A119_2LZM,8,23,10,18,87,54,9,0,0,17,69,20,19,20,16,264,194,71,48,65,17,0,0,0,58,64,62,119,39,302,50,5,13,0,1,2,0,0,0,4,31,26,0,43,5,36,39,25,74,0,0,0,2,0,1,0,5,73,10,29,38,15,0,0,0,4,21,20,0,0,10,15,5
A120_2LZM,11,27,29,26,83,149,14,18,4,23,63,82,25,43,22,310,433,146,32,79,73,132,0,0,47,26,168,82,139,229,233,13,12,38,2,0,8,11,11,13,38,14,64,35,39,35,59,102,141,0,0,9,0,15,3,4,9,56,45,21,61,52,0,2,0,13,21,57,6,0,9,25,6
A121_2LZM,10,28,21,24,85,129,17,7,1,28,77,54,22,39,20,270,387,149,46,119,82,68,0,0,70,44,169,100,141,266,188,18,19,6,4,1,2,3,0,12,49,23,33,51,24,33,30,64,156,0,0,2,1,5,0,4,14,66,25,36,62,41,0,0,1,11,22,47,2,1,8,24,5
A129_2LZM,11,31,28,27,77,169,14,11,1,32,87,86,26,47,21,292,397,210,31,65,73,98,0,0,72,62,269,88,185,260,286,12,18,13,1,0,0,5,3,16,38,39,59,66,48,25,34,105,195,0,0,2,1,3,3,3,15,58,50,39,70,76,0,0,1,14,25,50,2,2,10,24,5
A132_2LZM,8,26,12,16,94,86,13,4,1,32,60,20,17,20,12,254,291,128,49,90,44,45,0,0,110,52,63,126,116,238,78,12,17,4,3,4,3,4,2,23,22,12,10,59,2,42,42,31,104,0,0,5,0,3,2,2,18,49,7,28,34,12,0,0,0,8,17,19,1,0,6,11,3
A133_2LZM,8,27,13,15,90,101,14,4,0,39,58,24,15,18,10,264,316,163,46,98,54,52,0,0,122,41,99,113,159,205,104,15,18,4,3,2,0,0,0,28,26,7,10,65,6,45,32,33,103,0,0,0,1,0,0,2,26,40,9,37,26,12,0,0,0,6,13,17,0,0,6,8,2
A123_2LZM,6,21,3,12,85,20,9,0,0,22,51,2,17,8,10,272,67,31,52,77,1,0,0,0,79,43,8,99,26,212,8,8,12,0,1,1,0,0,0,6,30,8,0,32,0,42,51,2,29,0,0,0,3,0,1,0,9,42,0,36,23,1,0,0,0,8,22,4,0,0,7,7,3
A124_2LZM,6,24,4,11,94,32,18,0,2,27,48,4,18,8,8,273,130,58,53,147,20,0,0,0,88,40,13,116,37,197,18,24,16,0,0,2,5,11,0,14,39,6,0,39,0,54,48,7,41,0,0,5,0,4,2,0,11,32,1,32,20,2,1,0,1,10,18,5,3,0,7,5,2
A125_2LZM,8,26,11,17,91,66,7,0,0,29,68,22,24,22,12,307,232,91,54,51,16,0,0,0,95,74,56,92,67,240,59,2,7,0,2,1,0,0,0,12,24,37,0,65,6,42,57,40,95,0,0,0,1,0,1,0,13,44,10,45,47,18,0,0,0,13,24,20,0,3,11,11,2
A128_2LZM,8,29,11,17,92,87,21,3,3,32,66,18,22,21,14,297,222,143,46,128,64,31,0,0,74,48,54,116,114,256,86,29,23,2,4,0,2,14,6,23,46,11,8,38,4,34,50,31,108,0,0,12,1,7,0,3,18,55,5,40,45,8,1,0,1,9,24,23,4,0,8,13,4
A126_2LZM,9,38,20,16,125,177,29,11,4,51,63,44,28,19,10,382,577,366,67,209,142,144,5,0,195,48,157,142,254,220,222,36,17,19,3,2,11,15,9,38,48,10,28,53,14,62,55,90,96,0,0,13,0,9,5,0,29,38,20,52,47,19,0,2,0,18,18,16,6,0,9,8,2
A127_2LZM,7,27,7,14,107,59,13,1,0,31,65,9,19,14,11,330,213,121,72,115,22,13,0,0,112,72,38,138,85,273,44,10,19,0,0,1,0,0,0,12,35,13,4,47,0,54,54,15,77,0,0,0,4,0,1,0,18,51,2,40,36,5,0,0,0,7,23,12,0,0,7,9,3
A130_2LZM,10,31,24,21,127,169,14,13,1,37,70,63,19,27,17,363,665,253,95,129,80,146,0,0,155,44,215,174,228,305,271,12,12,25,4,0,4,6,4,19,26,21,41,50,26,61,53,70,113,0,0,3,4,3,1,0,24,51,39,40,39,31,0,0,0,6,23,26,1,0,6,17,5
A154_2LZM,9,37,19,17,141,157,26,7,0,44,87,46,26,20,11,429,573,319,73,201,96,78,10,0,170,97,216,181,197,358,200,25,41,9,0,6,0,0,0,24,65,41,21,74,22,68,71,84,116,0,0,0,2,0,3,3,20,48,24,51,43,20,0,0,0,15,28,16,0,1,9,7,3
A131_2LZM,7,22,6,15,96,37,9,0,0,17,59,8,18,14,13,276,151,56,59,77,13,0,0,0,76,61,18,151,28,285,24,3,11,0,1,4,0,0,0,8,26,16,0,36,1,32,55,16,58,0,0,0,1,0,2,0,4,55,2,26,29,5,0,0,0,6,24,12,0,0,7,11,4
A134_2LZM,7,24,9,12,81,72,13,0,0,33,44,17,14,11,7,277,210,133,41,88,44,0,0,0,94,18,65,117,110,171,81,16,15,0,1,2,0,0,0,23,19,6,0,43,5,38,38,30,60,0,0,0,0,0,0,0,19,23,7,27,13,9,0,0,0,9,12,9,0,0,5,4,1
A150_2LZM,9,40,17,19,129,170,44,6,1,44,90,39,29,23,16,366,502,402,72,292,183,100,11,0,119,82,177,163,229,343,225,56,53,8,1,7,3,8,3,36,96,16,20,62,11,52,70,74,149,0,0,3,0,3,6,0,24,72,23,36,57,21,0,0,0,11,34,23,1,0,12,15,5
A135_2LZM,5,21,3,7,68,31,11,0,0,30,31,2,11,5,3,213,91,78,37,75,20,0,0,0,84,32,5,96,51,107,12,11,10,0,0,1,0,0,0,21,10,0,0,35,0,36,29,7,37,0,0,0,0,0,2,0,18,12,0,16,13,1,0,0,0,9,7,2,0,0,2,2,0
A136_2LZM,7,20,10,11,69,57,4,0,0,21,31,21,16,8,6,216,206,83,33,33,12,0,0,0,76,16,47,98,61,127,63,1,4,0,0,1,0,0,0,7,6,10,0,24,9,33,28,34,26,0,0,0,1,0,1,0,9,12,9,23,18,6,0,0,0,9,10,9,0,0,6,1,1
A139_2LZM,10,18,24,21,56,105,3,13,0,23,35,62,11,29,16,258,327,76,23,15,18,95,0,0,66,0,108,60,140,118,169,2,3,22,1,0,0,0,0,8,6,3,46,34,28,31,18,50,83,0,0,0,0,0,0,1,15,23,34,21,21,27,0,0,0,6,8,30,0,2,3,16,4
A137_2LZM,5,14,1,9,50,5,6,0,0,10,27,0,12,3,7,152,16,6,11,40,0,0,0,0,24,15,0,70,4,102,0,9,6,0,0,0,0,0,0,0,18,2,0,14,0,23,33,0,8,0,0,0,2,0,0,0,2,17,0,12,7,0,0,0,0,5,14,0,0,0,5,3,2
A138_2LZM,7,18,7,14,45,42,8,1,2,22,38,9,12,14,11,190,100,33,9,39,18,9,0,0,53,20,19,46,69,113,40,9,5,0,0,0,0,6,1,14,19,8,3,32,1,21,17,7,55,0,0,6,0,3,0,1,15,29,2,17,19,4,0,1,0,4,10,12,4,0,5,9,3
A140_2LZM,7,14,6,15,48,26,2,0,1,13,38,8,9,14,13,173,77,21,13,18,0,0,0,0,29,14,18,62,30,134,22,1,4,0,0,0,3,0,0,0,8,8,0,25,1,24,28,6,40,0,0,3,0,2,0,0,6,34,2,12,14,5,0,0,1,4,15,12,2,0,2,11,4
A141_2LZM,6,15,3,12,49,13,4,0,1,12,34,2,13,8,10,167,38,10,11,34,0,0,0,0,25,24,1,60,12,110,4,3,4,0,0,0,3,1,0,0,13,6,0,23,0,21,36,4,22,0,0,3,0,1,1,0,6,29,0,16,12,1,0,0,1,3,14,4,2,0,6,7,3
A142_2LZM,8,20,11,17,56,56,5,0,0,16,46,23,19,20,13,238,165,68,12,35,16,0,0,0,42,32,39,71,42,147,59,4,7,0,0,0,0,0,0,2,12,17,0,32,8,24,29,39,71,0,0,0,0,0,0,0,6,36,11,22,30,14,0,0,0,8,15,22,0,2,10,10,3
A146_2LZM,10,28,23,22,92,144,12,9,2,30,60,64,22,29,18,284,450,194,89,69,71,78,0,0,112,21,167,117,165,261,241,14,8,13,1,1,0,1,6,13,26,12,37,38,32,36,39,92,112,0,0,3,0,6,1,0,12,53,40,34,33,35,1,0,0,14,16,30,4,0,9,18,5
A143_2LZM,8,23,12,16,62,68,9,0,2,20,45,28,22,16,12,275,182,93,17,51,18,0,0,0,47,21,60,75,64,151,78,8,10,0,0,0,1,6,0,4,29,9,0,25,12,26,34,49,63,0,0,3,0,6,0,0,8,33,15,28,25,14,0,1,0,10,16,19,4,0,11,7,3
A144_2LZM,6,21,3,12,82,24,7,0,0,22,49,2,16,8,10,262,82,47,46,64,4,0,0,0,75,48,3,102,34,206,9,5,7,0,0,0,0,0,0,4,24,4,0,32,0,42,46,6,43,0,0,0,2,0,0,0,11,41,0,26,20,1,0,0,0,9,20,4,0,0,6,7,3
A147_2LZM,8,24,10,18,114,66,6,0,0,24,66,20,18,20,16,309,293,101,110,61,20,0,0,0,115,56,60,148,74,330,74,4,8,0,0,1,0,0,0,5,14,19,0,39,5,47,65,32,93,0,0,0,2,0,0,0,11,69,10,41,31,15,0,0,0,7,18,20,0,0,9,15,5
A148_2LZM,9,31,16,20,107,120,21,3,0,34,86,39,21,25,17,309,370,201,69,135,86,30,7,0,103,89,172,137,141,340,164,29,42,2,0,6,0,0,0,22,40,29,14,73,14,40,52,52,135,0,0,0,1,0,0,0,15,74,23,40,41,26,0,0,0,9,24,25,0,0,10,17,5
A151_2LZM,9,32,16,20,121,115,18,6,0,28,93,33,24,28,17,364,368,205,82,155,50,68,2,0,79,113,133,173,117,400,123,13,40,8,2,4,0,0,0,8,50,44,17,57,8,41,79,46,138,0,0,0,2,0,2,3,11,84,14,34,60,20,0,0,0,8,32,34,0,0,10,17,5
A160_2LZM,8,26,16,12,66,112,28,5,1,38,38,36,15,9,6,269,287,87,32,169,115,41,11,0,143,45,118,62,171,106,152,47,25,6,2,3,1,6,1,42,44,9,13,42,18,30,16,56,35,0,0,2,0,4,3,0,24,11,16,29,15,8,0,0,0,11,8,6,1,0,3,2,1
A155_2LZM,6,26,4,11,120,30,28,0,0,23,64,4,18,8,8,351,122,48,68,267,21,0,11,0,100,78,21,182,25,300,14,30,44,0,4,1,0,0,0,13,63,17,0,44,0,47,65,6,35,0,0,0,5,0,6,0,6,47,1,30,24,2,0,0,0,8,24,5,0,0,6,5,2
A158_2LZM,6,20,6,9,55,50,25,0,0,28,34,8,8,8,4,187,137,60,29,174,71,0,11,0,98,18,28,79,80,106,43,54,28,0,1,1,0,0,0,38,26,8,0,38,1,23,5,10,52,0,0,0,2,0,0,0,19,8,2,16,14,4,0,0,0,3,5,6,0,1,1,0,1
A159_2LZM,5,13,3,7,51,18,5,0,1,9,20,3,6,3,4,165,63,24,60,42,7,0,0,0,39,10,6,92,13,85,10,4,3,0,1,2,6,2,0,2,8,0,0,11,0,19,16,4,16,0,0,4,0,2,0,0,2,10,1,6,2,0,0,0,0,1,7,3,1,0,1,0,1
A161_2LZM,6,6,5,10,38,9,0,0,0,4,17,6,2,8,6,122,55,0,53,0,0,0,0,0,31,4,9,67,5,107,3,0,0,0,0,0,0,0,0,0,0,5,0,11,1,12,11,3,14,0,0,0,1,0,0,0,1,13,1,4,1,2,0,0,0,0,4,7,0,0,0,3,1
A162_2LZM,6,6,5,10,38,9,0,0,0,4,17,6,2,8,6,122,55,0,53,0,0,0,0,0,31,4,9,67,5,107,3,0,0,0,0,0,0,0,0,0,0,5,0,11,1,12,11,3,14,0,0,0,1,0,0,0,1,13,1,4,1,2,0,0,0,0,4,7,0,0,0,3,1
A163_2LZM,4,9,1,5,29,5,5,0,0,7,10,0,6,2,2,100,23,0,28,36,5,0,0,0,32,0,0,40,5,48,0,6,0,0,0,1,0,0,0,3,10,0,0,8,0,14,7,0,6,0,0,0,0,0,0,0,1,3,0,2,4,0,0,0,0,3,2,0,0,0,2,1,0
A164_2LZM,3,7,0,3,17,0,0,0,0,6,4,0,5,0,1,99,0,0,5,0,0,0,0,0,16,0,0,13,0,6,0,0,0,0,0,0,0,0,0,0,0,0,0,2,0,4,12,0,0,0,0,0,0,0,0,0,2,0,0,4,0,0,0,0,0,3,2,0,0,0,1,0,0
