pdb_position,chain,pdb_aa,wcn_sc,wcn_ca
1,A,M,0.7014095820188097,0.6206610851308701
2,A,N,0.633175392203011,0.7614123040201133
3,A,I,0.9138989123559462,0.9218427469943007
4,A,F,0.7389635710399333,0.8766489395691742
5,A,E,0.6066958974137853,0.8389277599456842
6,A,M,1.0014565446660235,0.974513036185563
7,A,L,1.0064734024065485,1.0469549615889053
8,A,R,0.6908104339894594,0.9632225774080053
9,A,I,0.7157630341588997,0.8676032076461754
10,A,D,0.9714490606956285,0.9446634407679221
11,A,E,0.939015286037964,0.9627893385340797
12,A,G,0.7279279809002904,0.8419878321792126
13,A,L,0.7426973018983571,0.8331282086868118
14,A,R,0.6431902002290775,0.8238963519327867
15,A,L,0.6329498161733134,0.8152703007892466
16,A,K,0.5590645877452064,0.782956992751364
17,A,I,0.8051192882812191,0.8651314528420307
18,A,Y,0.792982569151563,0.8171068685303058
19,A,K,0.5488013155765323,0.8399202187268149
20,A,D,0.7914902760030358,0.883370865035505
21,A,T,0.6543994179137281,0.7291398956321218
22,A,E,0.6483976986376234,0.7214720317077531
23,A,G,0.6094586651832875,0.7262708525284589
24,A,Y,0.6784734126601678,0.8811895143998082
25,A,Y,0.6979339765844869,0.9520118083493077
26,A,T,0.8775998577159196,1.0484905467672725
27,A,I,0.90044474048263,1.0295396418985858
28,A,G,0.9216830572800566,1.0331070388542583
29,A,I,0.9136566411143524,1.0300987081155495
30,A,G,0.9415632085048179,1.0219923567966787
31,A,H,0.8671728049775539,1.0130982822046615
32,A,L,0.7669455559027192,0.9651305107414847
33,A,L,0.8595425161321577,0.9237180003926934
34,A,T,0.7289127833859356,0.8251922439096622
35,A,K,0.5998734163791303,0.714898987182871
36,A,S,0.6465980665027141,0.6549878884550379
37,A,P,0.4686406860088187,0.5897521454603585
38,A,S,0.5629110704293584,0.6337273309961133
39,A,L,0.5872473613232796,0.6962641744430396
40,A,N,0.4402332071694932,0.6482627799596739
41,A,A,0.6670072068042102,0.709958875409102
42,A,A,0.81006318644157,0.8971152725004743
43,A,K,0.6405678702748917,0.8427404022606493
44,A,S,0.5248671586979144,0.7433672177911115
45,A,E,0.6408867618036201,0.8245121140985314
46,A,L,0.8647368955646936,0.9171933033774405
47,A,D,0.6194116152712851,0.8214383273820589
48,A,K,0.5077024245096504,0.7055526554814734
49,A,A,0.722320165588838,0.7675807686607752
50,A,I,0.7720428012445306,0.7466943189896998
51,A,G,0.4799935383117149,0.6095277927755142
52,A,R,0.5798855627220602,0.6018130951672952
53,A,N,0.4134479502709239,0.5922302573758772
54,A,C,0.7599447977050281,0.7124081408881903
55,A,N,0.43774797896532064,0.6222726239787245
56,A,G,0.7502171121165233,0.7744802068837036
57,A,V,0.5785556760661543,0.7645681195538878
58,A,I,0.854027622735296,0.7892852414741318
59,A,T,0.5792721592498434,0.6950820646188605
60,A,K,0.5464217599430428,0.7156059253598455
61,A,D,0.48581288147632284,0.6869428651537904
62,A,E,0.7214443092541516,0.8136316058335117
63,A,A,0.8470558400453404,0.9585464951689036
64,A,E,0.6248315161152856,0.8601030251976088
65,A,K,0.5467462254993305,0.8109864793513786
66,A,L,0.8401031510622808,0.9239763750336353
67,A,F,0.8865422488804097,0.9870157748012016
68,A,N,0.6129315717701099,0.8420002618295899
69,A,Q,0.6199610112028847,0.8334898488956146
70,A,D,0.8372942540076966,0.9617712901606541
71,A,V,0.8776955353575254,0.9748711510271324
72,A,D,0.6149294652559082,0.8387411140650619
73,A,A,0.715742389556881,0.8683450793083952
74,A,A,0.9243510464534246,1.0208683532281237
75,A,V,0.7746130653575254,0.9265599408136616
76,A,R,0.5791765706972114,0.8144512718081512
77,A,G,0.7802100171866904,0.8853888191528922
78,A,I,0.9279273555946722,0.9784016176562499
79,A,L,0.6398215111227108,0.804135568178815
80,A,R,0.5414870371290473,0.6994613575099261
81,A,N,0.7590471992409119,0.792248810218918
82,A,A,0.4869200275247554,0.6536985595699347
83,A,K,0.5787470949116025,0.7611293162877878
84,A,L,0.9223996979008487,0.9471311222473258
85,A,K,0.5725088375663192,0.877260488095774
86,A,P,0.5982285334537252,0.7614281586465769
87,A,V,0.8351197260936075,0.9167902302760544
88,A,Y,0.8143485139490003,0.9350584160542522
89,A,D,0.5676272426739495,0.7434463690385398
90,A,S,0.6656104567039701,0.7405997605339227
91,A,L,0.8365370554370466,0.8391413789559721
92,A,D,0.69510732426269,0.7302868887511861
93,A,A,0.5826464603293118,0.749741673090616
94,A,V,0.781666534952293,0.889751115173474
95,A,R,0.8455619994542677,1.0264647210112323
96,A,R,0.6800821269723877,1.0053186388305315
97,A,C,0.8851452784934053,1.039128446316498
98,A,A,1.0451818041333278,1.1226370417745308
99,A,L,0.974585830211604,1.1022716659613625
100,A,I,0.9514508471366934,1.1066200805980217
101,A,N,1.0720952889754496,1.1238704266426394
102,A,M,1.035150107599571,1.103693502978083
103,A,V,0.9836922601804555,1.128714748125784
104,A,F,0.9657332355001087,1.0723828160584836
105,A,Q,0.939738268216922,1.0051637501030812
106,A,M,0.8980281295459124,0.959871186600221
107,A,G,0.8177668506920488,0.9531581623061068
108,A,E,0.7631070081526733,0.9340003328341167
109,A,T,0.6150338318031489,0.795478751554424
110,A,G,0.7920343545803257,0.8651812831792471
111,A,V,0.9993082597151061,0.9882066591058785
112,A,A,0.8071954237502958,0.8857055842524217
113,A,G,0.6936571298883822,0.7690254596861908
114,A,F,0.848604215755844,0.8608110338308104
115,A,T,0.570675303193323,0.7602210559051149
116,A,N,0.5442156859270363,0.7435876261234274
117,A,S,0.8872148712464973,0.9399826551375126
118,A,L,0.8396679640144845,0.9459219975460011
119,A,R,0.5309550048808456,0.8019504871470621
120,A,M,0.689644113292309,0.8725980234575914
121,A,L,0.9076972898004501,0.9616855134790409
122,A,Q,0.6195713496378379,0.830682493811398
123,A,Q,0.5021593076699516,0.6851943374423555
124,A,K,0.5404776994271854,0.7383005640530769
125,A,R,0.4698147436120686,0.7404247090527998
126,A,W,0.6837919750278038,0.8473913503034862
127,A,D,0.5044155134176325,0.7235310200467641
128,A,E,0.5052783175386121,0.7388707947382361
129,A,A,0.8414628157977473,0.9507037254521052
130,A,A,0.7819451528173853,0.9264624051921028
131,A,V,0.5427955551410453,0.7530426581775074
132,A,N,0.7093126957484447,0.806952771277282
133,A,L,0.9591555045084063,0.9284543496693385
134,A,A,0.7213764268850719,0.8414916535495625
135,A,K,0.5031490164264574,0.702350580460767
136,A,S,0.7385612403133958,0.769490105851171
137,A,R,0.5714983893027248,0.7095645388298307
138,A,W,0.9731715509325876,0.87121550315245
139,A,Y,0.7203092032554695,0.9169592957803453
140,A,N,0.5063683210230404,0.7186175733060941
141,A,Q,0.5672408289963212,0.7149574936372455
142,A,T,0.7833636443354361,0.8251444673118707
143,A,P,0.6107403962275203,0.818680821472193
144,A,N,0.5515667401961867,0.7692756167535711
145,A,R,0.9900633432284323,0.9282608945265349
146,A,A,0.9090982062395997,1.010635692873753
147,A,K,0.6307230235940426,0.9222574566435248
148,A,R,0.7986170233303426,0.9756518825915936
149,A,V,1.0361980599874718,1.0795534304443497
150,A,I,0.8877920794356011,1.0394655721031056
151,A,T,0.7622883737241801,0.942108171295783
152,A,T,0.9522511477072301,1.0432150891298415
153,A,F,1.0175187241482904,1.0363658980962107
154,A,R,0.6727629139656183,0.9113129883272149
155,A,T,0.7141495687635346,0.778329841608112
156,A,G,0.8007864784358232,0.8291772800242979
157,A,T,0.671058045955381,0.7504160266578332
158,A,W,0.7911717033456225,0.7991877415824576
159,A,D,0.565772685268896,0.7210832390990245
160,A,A,0.7922505609587587,0.81762924048155
161,A,Y,0.9254229674937696,0.826575029630214
162,A,K,0.48672007993188426,0.6538968148447056
163,A,N,0.4538123084644071,0.5763755354312323
164,A,L,0.5832154885975364,0.6058116070266537
