pdb_position,chain,pdb_aa,wcn_sc,wcn_ca

105,A,Y,0.4798651578327798,0.5350680496353968

106,A,M,0.6136439955060096,0.6624149525255099

107,A,G,0.6016993070737753,0.6759581242530579

108,A,N,0.8935254210871993,0.8336321009405878

109,A,P,0.7198818960595523,0.7916271252006557

110,A,W,0.9195730473167414,0.9973417180618891

111,A,T,0.7457918543417382,0.9573691696242643

112,A,E,0.7190564742780537,0.9136855264270435

113,A,Y,0.9603243123836502,1.0180240659475868

114,A,M,1.1118513938731205,1.1931254393069146

115,A,A,0.9327510985366115,1.1502945473641755

116,A,K,1.1144139682166228,1.331808138765531

117,A,Y,1.2632773027273345,1.3692005489044528

118,A,D,1.0522352350249669,1.296549256546236

119,A,I,1.4501307770918759,1.4579605641987796

120,A,E,1.0095947734719029,1.334186038915128

121,A,E,0.8925793857464018,1.1716348977216828

122,A,V,1.2357150367328398,1.335051737273373

123,A,H,1.5957374346305602,1.5395518769528587

124,A,G,1.2890162445802698,1.4177168681742336

125,A,S,1.604508120315509,1.580142625399959

126,A,G,1.6141141435021313,1.6765116240492708

127,A,I,1.6337539187303582,1.6468496328513782

128,A,R,1.3510205953579695,1.5588695430948494

129,A,V,1.441660634089946,1.5578754220145896

130,A,D,1.6435971780851535,1.6421852214650012

131,A,L,1.3596578029221502,1.5115745253919168

132,A,G,1.4040890669877721,1.4031442620211432

133,A,E,1.2210963317153272,1.251814090626151

134,A,D,0.9772901676047959,1.1603256902877013

135,A,A,1.1436786454518777,1.188512894611777

136,A,E,0.8174366189652086,1.134458380066402

137,A,V,1.1879296791740983,1.1567655671852843

138,A,A,0.906479042116078,0.9551250626161455

139,A,G,0.7802607433532751,0.8347219324798509

140,A,T,0.8451389507517625,0.935427354630487

141,A,Q,0.8417053502391679,1.0109360580343358

142,A,Y,1.041378867491426,1.1542587278804695

143,A,R,1.1299439583567223,1.269789999633849

144,A,L,1.361488320494575,1.4654166401447422

145,A,P,1.5664117165129554,1.6186925249686273

146,A,S,1.495366001832148,1.525354631535617

147,A,G,1.612855056786134,1.6143558620345684

148,A,K,1.1899603879868124,1.5401245546699462

149,A,C,1.579059381054683,1.5987527319695836

150,A,P,1.547840832111795,1.6337087234279608

151,A,V,1.5698578530463472,1.6865993453996053

152,A,F,1.452529320202597,1.6448486576936752

153,A,G,1.4345628986119032,1.6187051501011662

154,A,K,1.5644247765828212,1.6376471469088234

155,A,G,1.5097338467244321,1.5502002631451086

156,A,I,1.4500625463957495,1.4884313976469465

157,A,I,1.1513622565992365,1.3089401617840644

158,A,I,1.2086179398635428,1.274618100036483

159,A,E,1.0018551508967088,1.080717579925539

160,A,N,0.7201187669200506,0.8742910067754027

161,A,S,0.9942064807448343,0.9900671655000113

162,A,N,0.696262675274983,0.9182766809608608

163,A,T,1.0756370271626552,1.099942717520763

164,A,T,1.093601678478634,1.2390118628288067

165,A,F,1.470926365565971,1.4572901671991094

166,A,L,1.438797404330058,1.4598321011613284

167,A,T,1.203618994343244,1.3831837647822864

168,A,P,1.267223521886055,1.4683553223383479

169,A,V,1.280930345237618,1.4078732454623981

170,A,A,1.1087748735250533,1.2341355305143769

171,A,T,1.0803079493967842,1.0844525179695537

172,A,G,0.8544357401715754,0.9180755456960349

173,A,N,0.6732380609263394,0.8265823815063826

174,A,Q,0.9834366334092325,0.9805570319679361

175,A,Y,0.8110529711350465,0.9476099820857606

176,A,L,0.9711973429105393,1.0735083190588026

177,A,K,0.9193931288229912,1.0550903500595286

178,A,D,0.8634179115066003,1.0548227141092548

179,A,G,1.2326754621065414,1.2980360830769777

180,A,G,1.3537676410579151,1.4643509773849082

181,A,F,1.4191829695685718,1.5376568286308236

182,A,A,1.435343556374806,1.6486247203949027

183,A,F,1.4479879192347658,1.5462283307369773

184,A,P,1.2944980517859312,1.3812232037338268

185,A,P,1.1711701245153356,1.3023970703736385

186,A,T,1.26205161162044,1.3140514447967162

187,A,E,1.2011875927997537,1.4224057066872704

188,A,P,1.4608335555455474,1.5252833669242591

189,A,L,1.339834096326187,1.506326664167931

190,A,M,1.5853760586934411,1.5669764667459278

191,A,S,1.5368301868856895,1.645704776496962

192,A,P,1.3866955700242303,1.5929718613320918

193,A,M,1.556491107606967,1.5940556092445735

194,A,T,1.3703028742239407,1.5408751780674914

195,A,L,1.3142683797605517,1.4831723371899401

196,A,D,1.201517408437423,1.41871610661065

197,A,E,1.492638018927474,1.5622009827928782

198,A,M,1.5479053618551302,1.6207079087616074

199,A,R,1.2176277115694598,1.5194346164321189

200,A,H,1.4812438969695123,1.543393427586857

201,A,F,1.618420836662977,1.615366934682531

202,A,Y,1.5281105953220333,1.5842502738920166

203,A,K,1.387255506608005,1.4568797012527217

204,A,D,1.379109094303087,1.3613588615827308

205,A,N,1.2789926075721008,1.356214770244165

206,A,K,0.8772970801116546,1.140259675014216

207,A,Y,1.0823380587917633,1.1526654624244543

208,A,V,1.3855629622680714,1.383150018180577

209,A,K,1.1306632565367747,1.4068891588631138

210,A,N,0.9734369877659593,1.1908487106892602

211,A,L,1.2927631445609864,1.3097755821195731

212,A,D,1.2835528770272004,1.2857524167283587

213,A,E,1.2687704287270407,1.4348226539292241

214,A,L,1.4833832968718146,1.5528560820210944

215,A,T,1.398081040534512,1.5522245371200563

216,A,L,1.4349913796353346,1.5970495389370407

217,A,C,1.678831013086637,1.7047564566034958

218,A,S,1.5452272699840177,1.7143888816000867

219,A,R,1.3412978846866237,1.5792483063137976

220,A,H,1.6161806176786693,1.649029515077863

221,A,A,1.639617624601385,1.7053693590529961

222,A,G,1.4800202837773722,1.5925904566678728

223,A,N,1.4803216826371222,1.5532974849495895

224,A,M,1.535377271654924,1.5830310371250065

225,A,I,1.3135246980957314,1.4927394520197619

226,A,P,1.3083006001800677,1.3690104673343046

227,A,D,1.0325915537267982,1.1894596789466856

228,A,N,1.1721675367642157,1.292102949401959

229,A,D,1.0446930428324441,1.1995201569819791

230,A,K,1.0252971479162256,1.1341403256855545

231,A,N,0.7786538315222913,0.9925882304409863

232,A,S,1.1828840640902818,1.1946668321056562

233,A,N,0.9309088648046543,1.1682508759658725

234,A,Y,1.3266587459608896,1.3520274735634243

235,A,K,1.3108197054389723,1.4879478099322248

236,A,Y,1.397941772955255,1.5958729603452566

237,A,P,1.5650714024408634,1.717165784944987

238,A,A,1.6576244354361616,1.7791275192554983

239,A,V,1.5405812579497915,1.717753289729501

240,A,Y,1.4386033739574005,1.663815023982897

241,A,D,1.283533205412245,1.5112846140751495

242,A,D,1.2131351502594154,1.3239091790077684

243,A,K,0.9403829704874931,1.138430722383314

244,A,D,1.1218068348064507,1.2074539114556992

245,A,K,1.1370018650052844,1.3850341262300814

246,A,K,1.3017705533031692,1.5561719641514566

247,A,C,1.6723127594978964,1.6947791927946545

248,A,H,1.4522711988578478,1.6852279084614643

249,A,I,1.6382372765941025,1.7273736231615047

250,A,L,1.5333684232018387,1.6900320257589965

251,A,Y,1.226587702181091,1.5069671596455285

252,A,I,1.3057370987441237,1.432884710343609

253,A,A,1.4218851688422067,1.475127401066864

254,A,A,1.242678202931093,1.3583976976996635

255,A,Q,1.509769236301,1.454474285821978

256,A,E,1.2523138028239378,1.3589380067579093

257,A,N,1.0430389158067133,1.2049806799478295

258,A,N,1.0966441993715204,1.137175431473758

259,A,G,0.9429036357266465,1.008093752474818

260,A,P,0.7719891800666746,0.8221511504849388

261,A,R,0.641778246543091,0.7211689408146534

262,A,Y,0.6799684103151455,0.7666536335982381

263,A,C,1.007744955606821,0.860899113823897

273,A,M,0.896832632203856,0.8510192615387083

274,A,F,1.1725394942527951,1.084729872923445

275,A,C,1.0413959489951259,1.1533685812143766

276,A,F,1.251382146181142,1.3292908825127632

277,A,R,1.1038439946537664,1.3628007458288558

278,A,P,1.413313757026209,1.482430104000114

279,A,A,1.2866700658461268,1.4207361823659514

280,A,K,1.461328182972536,1.4613392743660152

281,A,D,1.1069825522467374,1.2608980162296235

282,A,I,0.9178076462271827,1.1187201064897656

283,A,S,1.0744575664952576,1.1257409402621006

284,A,F,1.3528714331651843,1.4173981212665263

285,A,Q,1.0723729498632366,1.3695165841065537

286,A,N,1.1242514570591258,1.355852927414199

287,A,Y,1.355528445415622,1.586090992927931

288,A,T,1.5115484901278755,1.6865607811379901

289,A,Y,1.5883573515449454,1.718384742084424

290,A,L,1.6033901124531738,1.739695663675109

291,A,S,1.577435940422182,1.7141504428906484

292,A,K,1.378865609779291,1.584261036330233

293,A,N,1.336211820718579,1.4594312111116718

294,A,V,1.5310493089363248,1.5769347730094259

295,A,V,1.2200202197637342,1.3504180200318117

296,A,D,1.0878420932609862,1.2215482457011175

297,A,N,1.0189283154172464,1.1701342302580593

298,A,W,1.375207890790959,1.3861540074655363

299,A,E,1.0708235541037303,1.207044766705229

300,A,K,0.8983592888508211,1.0907141235559104

301,A,V,1.1138896873238942,1.25258427795497

302,A,C,1.48020995208138,1.4455324550843514

303,A,P,1.4297547122389735,1.4374111974556594

304,A,R,1.2414523655033298,1.4077239568596134

305,A,K,1.0408309954223918,1.3233920169818614

306,A,N,1.3144228717787947,1.3862907068004062

307,A,L,1.172229949473443,1.2584066070503241

308,A,Q,0.851434692996501,1.1101647775520633

309,A,N,0.7391951636625022,1.049997194599411

310,A,A,1.1053118567890063,1.2334178855921916

311,A,K,1.073459376398255,1.2769012981635524

312,A,F,1.33551630688267,1.3019052181901205

313,A,G,1.1237775972151185,1.2342379020546896

314,A,L,0.9433917075460385,1.0997125845882787

315,A,W,0.8805759869422177,0.9947824911699957

316,A,V,0.6772692029072407,0.8010473645897007

317,A,D,0.5504788154651806,0.6764820596397566

318,A,G,0.7046315201027187,0.7840107475032592

319,A,N,0.6468327343879148,0.8248006140954867

320,A,C,1.0772738501015897,1.0117393330778701

321,A,E,0.6959985206879812,0.9361602139474255

322,A,D,0.8115901359039775,0.9618250131497307

323,A,I,1.1059593496946876,1.0469402222027744

324,A,P,0.7434642334868066,0.8205828001011503

325,A,H,0.7269928933195253,0.8669738150912896

326,A,V,0.941559792218637,1.0239676167621066

327,A,N,0.8290655995445734,0.9723665439176329

328,A,E,0.7679079098438232,0.9928050405458362

329,A,F,0.8648985592989542,0.9806686727428684

330,A,P,0.7231476275279596,0.9476419896021234

331,A,A,1.070363945501327,1.1061360867495302

332,A,I,0.7508119750364243,0.9200944061780284

333,A,D,0.9213777602082264,1.0543411849296713

334,A,L,1.1848118087053532,1.2464613763365346

335,A,F,1.1453691556760892,1.2827498613473136

336,A,E,0.9923811569301544,1.2276971217118107

337,A,C,1.3460167489897714,1.397011903789731

338,A,N,1.4107359622575637,1.5163996295987876

339,A,K,1.1341212549776172,1.4216037750956498

340,A,L,1.0619444968438396,1.3217132073568616

341,A,V,1.38275268930371,1.517840651806221

342,A,F,1.4554843465261376,1.5766199273262445

343,A,E,1.1496968666969523,1.3389647718263429

344,A,L,1.0437845336583254,1.3004605714324835

345,A,S,1.5005230836226273,1.556226750855603

346,A,A,1.5400257532946389,1.557507541080697

347,A,S,1.3120152791025959,1.5018098101491706

348,A,D,1.4337924400406115,1.4218270884446493

349,A,Q,1.1987458651594392,1.2171693992398531

350,A,P,0.9189859991754814,1.0748946522730303

351,A,K,1.0339318054764675,1.071656741453105

352,A,Q,0.8017932935963411,1.020548496979838

353,A,Y,0.8599310197139938,0.9582931108019361

354,A,E,0.8450733381349428,0.8233756023449832

388,A,D,0.8859296805348884,0.8146374575711426

389,A,R,0.6788055570587682,0.833400827510119

390,A,Y,0.8289166375776825,1.0420945648815874

391,A,K,1.0688569389527731,1.215215391308096

392,A,S,1.368921928177232,1.3034488150853267

393,A,H,0.9734152385397146,1.303465676100166

394,A,G,1.412192927979245,1.5165353640449069

395,A,K,0.9172963090456472,1.2631502780106085

396,A,G,1.2128834793458072,1.353169283885177

397,A,Y,1.022907007243268,1.4144888750329436

398,A,N,1.460377157405286,1.550849277040774

399,A,W,1.3181323274826742,1.5052990463379583

400,A,G,1.332400120974149,1.4913921143263187

401,A,N,1.2229487911312478,1.3869844433829446

402,A,Y,1.0874086837110095,1.353513029523665

403,A,N,0.9518169133119658,1.1614503210558567

404,A,T,0.8741504429197513,1.0366168653732655

405,A,E,0.7129155787227911,0.8196568240001629

406,A,T,0.7582833024394965,0.8148144997161207

407,A,Q,0.6985440815850741,1.0192486435560855

408,A,K,0.7877281094963353,1.11449983042487

409,A,C,1.2820196154411458,1.3030225119972747

410,A,E,1.0043811484194034,1.2636940233460987

411,A,I,1.191701030421663,1.336866496051968

412,A,F,1.227266355997924,1.2620262859631723

413,A,N,0.9709266657389711,1.2269294985479124

414,A,V,0.93754071575637,1.096996223647952

415,A,K,0.9916535850527488,1.1785321194812564

416,A,P,1.2436348913044997,1.2354004860165655

417,A,T,0.9562294734732613,1.1348089904625824

418,A,C,1.12938575432812,1.17718049802197

419,A,L,1.1358823387070702,1.1723370199068608

420,A,I,0.9443536423325698,1.0624560783020551

421,A,N,0.7748185928286497,0.9512405758788415

422,A,N,0.8358593688775846,0.941285815114604

423,A,S,0.664810543096915,0.8770278688815979

424,A,S,0.8617131779353469,0.946317632261079

425,A,Y,1.0606818989685731,1.2176125933531265

426,A,I,1.0942512259588564,1.3339755369546318

427,A,A,1.2989946540286421,1.4299688552706689

428,A,T,1.4100714110647983,1.5047024619998801

429,A,T,1.4852115585167651,1.5822134775499839

430,A,A,1.561726782045012,1.641342300345429

431,A,L,1.5914214859157338,1.6326022302433714

432,A,S,1.4447070503198733,1.6030084555458066

433,A,H,1.3128158511203034,1.5037411060473551

434,A,P,1.3692563261577668,1.4339476136580454

435,A,I,1.0620485564212627,1.208730814656169

436,A,E,1.1311117862427291,1.165847646235727

437,A,V,0.9855297645070362,1.1374666839678025

438,A,E,0.9448716047613858,0.9696059821873314

1,L,S,0.9398699884729373,0.9929852434908207

2,L,I,1.168307346528997,1.143274636195173

3,L,V,0.9536952274673912,1.1655914290321632

4,L,M,1.3585283212125292,1.3799792028989366

5,L,T,0.9350962084375024,1.2313666312848004

6,L,Q,1.4398965316468562,1.3851841148231485

7,L,T,0.9488883378329954,1.2465719959483403

8,L,P,1.0537484890473996,1.1960125132435846

9,L,K,0.9996675846914804,1.2136930866256062

10,L,F,0.9769611268210318,1.1914372476853419

11,L,L,1.1305004694327725,1.2102244091921266

12,L,P,0.97013632041608,1.175066188026756

13,L,V,1.160425675118501,1.1780868126448079

14,L,S,0.9162366651153766,1.1081822118375106

15,L,A,0.9897974428132269,1.117564019998809

16,L,G,0.9327818587747568,1.0250262445749185

17,L,D,0.9146660121096584,1.04848239250014

18,L,R,0.8460525674102153,1.101353020821449

19,L,V,1.2769497739684612,1.24001017952035

20,L,T,0.9822301199691417,1.1934682407306678

21,L,I,1.3378423060058922,1.3299172463036872

22,L,I,0.9902261557939276,1.2928535944359545

23,L,C,1.4141232154833412,1.4099628584561048

24,L,K,0.887595950255763,1.23768406848524

25,L,A,1.2133793310621541,1.2813537905241257

26,L,S,0.9383514063073789,1.0238627979905306

27,L,Q,0.8606324287123106,0.9996356657139222

28,L,S,0.898040973196661,1.050200166280336

29,L,V,1.2894667107891853,1.253503589976909

30,L,S,1.0418281599639303,1.1462603129589877

31,L,N,1.1318238232417257,1.2848163615342574

32,L,D,1.3612301489908556,1.4397303482755832

33,L,V,1.4014472107560223,1.5838458303650484

34,L,V,1.4782421549054172,1.6496522426645905

35,L,W,1.4043362165573154,1.6510386014823437

36,L,Y,1.5197340200744542,1.6628140149490742

37,L,Q,1.4374375577488294,1.5879210797559478

38,L,Q,1.4662250632031044,1.5801441842466004

39,L,K,1.3300354827483523,1.4508416638404418

40,L,P,1.27089221225421,1.3524898354950297

41,L,G,1.2282304818512297,1.3077256659616425

42,L,Q,1.2261794210587953,1.3828495048732679

43,L,S,1.4370861247162763,1.5018607609637395

44,L,P,1.560561815122057,1.594471595706091

45,L,K,1.3279672441719892,1.5381470064662468

46,L,L,1.485458420313297,1.588440486118605

47,L,L,1.4256657049151327,1.5513202231824923

48,L,I,1.3495164560316448,1.6036452492430575

49,L,Y,1.419385330356975,1.584594690809841

50,L,Y,1.2882121470333705,1.4505817621362225

51,L,A,1.2616220978270898,1.486755544333926

52,L,S,1.0909398511350468,1.3552637947048773

53,L,I,1.224449034315935,1.3484346977457227

54,L,R,1.0960334948960677,1.4037177736864754

55,L,Y,1.4689624345457477,1.451436838609349

56,L,T,1.2905608863183766,1.321916003821984

57,L,G,1.1542820863043826,1.2116462631536353

58,L,V,1.3163155206452373,1.3103895338356588

59,L,P,1.176787555628244,1.16698347185565

60,L,D,0.880211739730358,1.089834541185759

61,L,R,1.1865332726238256,1.1689238686760643

62,L,F,1.355842067414128,1.3476191464261955

63,L,T,1.0771676179111553,1.310646485960761

64,L,G,1.2736506103649943,1.413570339945372

65,L,S,1.0413764941730415,1.2404425771782344

66,L,G,1.0663779801787456,1.1836112940208885

67,L,Y,0.8995879086617186,1.1232703272912719

68,L,G,1.0204257385339899,1.1053009126836355

69,L,T,0.9402909964161001,1.1607668219021734

70,L,D,0.8809464744851925,1.136983636018951

71,L,F,1.276581248190323,1.3514593464637736

72,L,T,1.06574370926719,1.326157507275717

73,L,F,1.3801984167791865,1.4285686441249803

74,L,T,1.0920729582182958,1.3278445480781096

75,L,I,1.3346114583293092,1.3417302524250705

76,L,S,0.9746788351345514,1.1259793742714432

77,L,T,0.9288241200046149,1.144462606658245

78,L,V,1.2470184031722105,1.271082497998814

79,L,Q,1.0332903412200167,1.1784222708202063

80,L,V,1.054815408502847,1.1765663605944325

81,L,E,1.0226573805905066,1.1856218484391845

82,L,D,1.2934437647304997,1.3349557785283752

83,L,L,1.2732820440355423,1.3897790443739297

84,L,A,1.4264854590900684,1.4979592492503733

85,L,V,1.3628536760966725,1.5484897695939324

86,L,Y,1.4414591292009253,1.5938455642703162

87,L,F,1.502171437800428,1.6321950565377683

88,L,C,1.538503684418277,1.6278753422762233

89,L,Q,1.503078033037928,1.6318514113482976

90,L,Q,1.3808423429298748,1.5444404894220787

91,L,G,1.4470669001452052,1.4685474457035046

92,L,F,1.0659584475600443,1.2864572042026505

93,L,S,1.0599622226768648,1.1934770194720092

94,L,S,1.222968892948576,1.2888074610002154

95,L,P,1.1961845381441256,1.3798670803927902

96,L,R,1.4185506723051324,1.4913921090785687

97,L,T,1.2602990673271155,1.466415062912385

98,L,F,1.5065811212735585,1.5606453504858786

99,L,G,1.4135847592624315,1.528630291483165

100,L,G,1.2992269862938226,1.3558654065308706

101,L,G,1.4440244724230855,1.5015787020637048

102,L,T,1.3452851558620285,1.4770702641496303

103,L,K,1.191528156434296,1.429007108861656

104,L,L,1.3221026590952702,1.4033423155452294

105,L,E,1.121347900734874,1.3187040946905229

106,L,I,1.2157512097147478,1.2966185138747415

107,L,N,0.9517584493030016,1.1621986209828186

108,L,R,1.0343103059461656,1.0366926807958337

109,L,A,0.7846228605685643,0.9063686592018453

110,L,D,0.8733673270877231,0.9877922059447118

111,L,A,0.998748754181191,1.078226354431299

112,L,A,0.9488578623878502,1.083845289504774

113,L,P,1.188789748642772,1.2658243589532978

114,L,T,1.0433763030961887,1.192663583144938

115,L,V,1.2313115549592382,1.2894658561645018

116,L,S,1.2576867396580578,1.2885001597816004

117,L,I,1.1917232693823654,1.3436781198442542

118,L,F,1.3049395255964829,1.3496412088765781

119,L,P,1.1149984954603045,1.2369288304682766

120,L,P,1.2275983850033936,1.2671901627842344

121,L,S,1.1350304900955634,1.1777668723954449

122,L,S,0.8211702922333989,0.9750650684562538

123,L,E,0.9724362331580709,0.9891100332981341

124,L,Q,1.2289855119526167,1.161263664971811

125,L,L,0.991485091638077,1.079201368558966

126,L,T,0.6858637866184661,0.873431661129161

127,L,S,0.8927003188337099,0.9192153165675627

128,L,G,0.8656585755447751,0.9262612084762153

129,L,G,1.0794860809850348,1.1317116410268293

130,L,A,1.193697300120167,1.2557963981299256

131,L,S,1.3128131532350424,1.3493394243373902

132,L,V,1.2581888357596396,1.3820106734870374

133,L,V,1.4201000395696413,1.4705381537696678

134,L,C,1.4233018511194164,1.4804362159298892

135,L,F,1.4690427799693588,1.484791819812245

136,L,L,1.365999570970556,1.4507531248108725

137,L,N,1.38414173992059,1.4122293508560373

138,L,N,1.184502095150576,1.3143568401253973

139,L,F,1.262549610792889,1.3517783563343122

140,L,Y,1.1069936373340867,1.291745809086369

141,L,P,1.0226761221218577,1.1837102645246111

142,L,K,1.1274622745770901,1.1834081277603465

143,L,D,0.8410971957464289,1.0473148513478998

144,L,I,1.207275099658384,1.1580708653032734

145,L,N,0.8911665156755543,1.0892897031027284

146,L,V,1.2519935384150152,1.1972837665346199

147,L,K,0.9281086435590045,1.0996287584228979

148,L,W,1.2554833919291937,1.1915591300144928

149,L,K,0.92561244792741,1.1251831938937822

150,L,I,0.9705094236708302,1.059413629790349

151,L,D,0.7690931929664725,0.8894315546587338

152,L,G,0.7622135145879589,0.8232547963070964

153,L,S,0.7192569043664229,0.8278993800108735

154,L,E,0.7572031668482153,0.8715620658953249

155,L,R,0.9763011165071995,0.990624440508358

156,L,Q,0.7512039665204864,0.9135890582538159

157,L,N,0.7549534073230251,0.8966995582275227

158,L,G,0.9980820474781528,1.0609424220633643

159,L,V,1.1081123494218716,1.1976001729739356

160,L,L,1.1075162787432324,1.2294391309716175

161,L,N,1.1822200605128244,1.296790434301205

162,L,S,1.337655240232842,1.3789617644379482

163,L,W,1.1661604729781045,1.3755320630310137

164,L,T,1.313336962274698,1.4069167870686412

165,L,D,1.2171895767379262,1.3316825620124308

166,L,Q,1.2642909402806208,1.3777444061293465

167,L,D,1.194345693587069,1.3422992215742595

168,L,S,1.0783062482235846,1.2048365436780069

169,L,K,0.9954968320856556,1.0810377336925234

170,L,D,1.1420105673548286,1.1107281400039484

171,L,S,1.17208126893805,1.296584932775705

172,L,T,1.2321241126523772,1.3559754667469377

173,L,Y,1.240019613328948,1.4267414169441859

174,L,S,1.389871996162727,1.4810568356492129

175,L,M,1.3395181539042826,1.4957719155528366

176,L,S,1.4611715859152814,1.5128830304261605

177,L,S,1.3521851656901271,1.4423954680635727

178,L,T,1.3596188667691478,1.4404976289228553

179,L,L,1.2003041349595,1.3351958236885055

180,L,T,1.1818269306730254,1.2497349640284858

181,L,L,1.0650126777255982,1.097953693633054

182,L,T,0.8049244177598603,1.0338403260035047

183,L,K,0.9696687772667114,1.0675697670771676

184,L,D,0.6255552805797462,0.8559859365066623

185,L,E,0.8193890001279773,0.9324270993070415

186,L,Y,1.098595154534176,1.0671619389477642

187,L,E,0.7216025097731285,0.8846320330489503

188,L,R,0.6337025499752874,0.7821716188416883

189,L,H,0.7966298760273831,0.8886452860559327

190,L,N,0.8035950301871754,0.9239558822044003

191,L,S,0.8844232036081306,1.0320425761403993

192,L,Y,1.0747531165908257,1.1815970126074253

193,L,T,1.0268702604734357,1.2193371463874467

194,L,C,1.3462705674991557,1.2981361955820594

195,L,E,0.9403023530011342,1.2089958287265643

196,L,A,1.2108908589213252,1.246506267268626

197,L,T,0.8980857875155858,1.1167551281164867

198,L,H,1.0904597511670588,1.0955237232733241

199,L,K,0.7910670568536271,0.9096297147730156

200,L,T,0.9309575981004268,0.9101962895729212

201,L,S,0.7551411182056992,0.8583882305295145

202,L,T,0.5673913535015628,0.7402916682305448

203,L,S,0.6650110514159829,0.7731222593555488

204,L,P,0.8589125152868311,1.0011605599635072

205,L,I,0.9582248862394137,1.0532231723056746

206,L,V,0.872404402141652,1.0478417248348317

207,L,K,0.9651607679730803,1.125873065516488

208,L,S,0.9350474533104957,1.1300769998652664

209,L,F,1.0826280969902193,1.051194607429007

210,L,N,0.7949900494706469,0.972468326403235

211,L,R,0.8658741070993191,0.9439372793065994

212,L,N,0.6616729991442004,0.7427784537984597

213,L,E,0.6261765693439099,0.677001093830064

1,H,E,1.1995137796120172,1.3228336795792957

2,H,V,1.5023011257060432,1.4950071623820367

3,H,Q,1.1551027822750548,1.4088245959177572

4,H,L,1.4936373321191543,1.4917148187086282

5,H,Q,1.095337950318455,1.3757667169792145

6,H,Q,1.5168656537723413,1.4560160879392932

7,H,S,1.2572033909760103,1.28621772657916

8,H,G,1.1250196217021327,1.1903622905211941

9,H,A,1.2032424446951344,1.3013340551355257

10,H,E,1.1242249477306783,1.2720612002628122

11,H,L,1.1433739764664126,1.241747926640987

12,H,L,1.0843797381372193,1.1786244392495944

13,H,R,0.9050992136994205,1.1017888131437914

14,H,P,0.9457037730499722,1.0758656671643532

15,H,G,0.843148145510101,0.9527256718056418

16,H,A,0.9496882450040617,1.017482706318114

17,H,S,0.9297672840720761,1.1160821240330177

18,H,V,1.2168136225052637,1.179060575178064

19,H,K,1.0302898409647498,1.2159174564690267

20,H,L,1.3760753247598991,1.3742718944474106

21,H,S,1.2153054439846955,1.3974824753616042

22,H,C,1.5982113485117617,1.5437315575836994

23,H,I,1.1728221682859523,1.430821875604116

24,H,V,1.4834742607167195,1.512031467257799

25,H,S,1.2343556835575158,1.4047163799569644

26,H,G,1.3782568513056055,1.5121007333133398

27,H,F,1.5680785525918934,1.5645741078698505

28,H,K,1.26612559477789,1.4706098037600328

29,H,I,1.4641115755665997,1.5332131507759614

30,H,K,1.2556537777448367,1.4177685607222312

31,H,D,1.396943477203959,1.4426462289207718

32,H,T,1.5502770215106774,1.5863663984018748

33,H,S,1.4672899648214517,1.5912924478772812

34,H,M,1.5570075946591344,1.6624891233524675

35,H,H,1.5058767372876827,1.675881212443791

36,H,W,1.495915153810326,1.660825331808088

37,H,V,1.4994321861867255,1.653828455220727

38,H,K,1.3695301257715937,1.5730375655847255

39,H,Q,1.4271630133485085,1.5346520569161628

40,H,R,1.1459511878260937,1.4042493383371935

41,H,P,1.2008505043262183,1.297137701243316

42,H,E,1.0964497081833544,1.2491130350506865

43,H,Q,1.1063659984418701,1.2957517246166363

44,H,G,1.3257442071568715,1.4057140589571357

45,H,L,1.5570187147302752,1.5265670909180225

46,H,E,1.251791864656223,1.4824375050792638

47,H,W,1.429312277955281,1.5510304752993245

48,H,I,1.421810945214138,1.50288769567987

49,H,G,1.3963657969211394,1.5348008650886165

50,H,R,1.3922588934250586,1.564938702082391

51,H,I,1.3325963203350844,1.5182043992417327

52,H,D,1.2457281451488011,1.4358358865745524

53,H,P,1.4009851125125448,1.4243347266101776

54,H,A,1.1374018847058198,1.202410964000548

55,H,N,0.9928947802626809,1.0542587726736672

56,H,D,0.9631547724743642,1.1673742658132071

57,H,N,0.9479966213366908,1.1437254359885227

58,H,S,1.1370839246640345,1.2859708124943188

59,H,E,1.198408927850935,1.225366860228009

60,H,Y,1.1521983371603186,1.332035566952874

61,H,D,1.1715045587866835,1.2893570809153168

62,H,P,0.9299544051814737,1.0339496797436896

63,H,K,1.025147282477281,1.043915126396145

64,H,F,1.2608267372701807,1.219058246382877

65,H,Q,0.7628686951638076,1.0737362271644408

66,H,G,0.8507842471748288,0.9520495783364445

67,H,K,1.086197152705047,1.1621177011875699

68,H,A,1.2681462664036518,1.3184475824530775

69,H,T,1.0108233557485553,1.244452217446417

70,H,I,1.366855811278869,1.3962108079015256

71,H,T,1.0729615446999627,1.295830280207213

72,H,A,1.3589991764630922,1.3868024234779883

73,H,D,1.024410763962981,1.22781803098786

74,H,T,1.139931358125802,1.27784347107729

75,H,S,0.9272593791673168,1.0727765115346848

76,H,S,1.1086193121683052,1.1570865867256075

77,H,N,1.3052185423245777,1.4219181545417445

78,H,T,1.2636278709176192,1.4380192607541051

79,H,A,1.485144274360615,1.5231902906165204

80,H,Y,1.1425917226942524,1.4457491601738126

81,H,L,1.4235024106705212,1.4667007085119665

82,H,Q,0.9930292762783968,1.3173723187937307

83,H,L,1.3251030194629987,1.3087200672871233

84,H,S,0.9497093482288365,1.1342598116612252

85,H,S,0.8329805162578491,1.0351029463809893

86,H,L,1.207505158068838,1.2261959254662829

87,H,T,0.9774504920015109,1.152743878215501

88,H,S,0.9707868750869733,1.1504151104018854

89,H,E,0.9447867261585126,1.123850106418732

90,H,D,1.2206078129824744,1.3122293028732084

91,H,T,1.238483343403501,1.3983092646575825

92,H,A,1.393883287917317,1.5026706765559537

93,H,V,1.4014108874852955,1.5680575998207444

94,H,Y,1.4441533068318715,1.6208046256882325

95,H,Y,1.5318188217399336,1.6872335640255454

96,H,C,1.6603925669696105,1.6941520224837898

97,H,T,1.547284491429668,1.7285956988480478

98,H,L,1.5988125110561822,1.6643383959331268

99,H,S,1.5732006995157792,1.6564279289686616

100,H,H,1.5651106399381873,1.5984044821296712

101,H,F,1.528009925142899,1.6134256901240789

102,H,W,1.5686205386867385,1.6376468216518805

103,H,G,1.5042421960152728,1.5942477422427332

104,H,Q,1.2429442212711177,1.44468427224319

105,H,G,1.4818740914003627,1.5770114330800884

106,H,T,1.39200486153557,1.5099668516213003

107,H,T,1.298274589435385,1.4728855096264077

108,H,L,1.3359545979092775,1.458159484199122

109,H,T,1.26597823948225,1.3829970687050046

110,H,V,1.209798322527986,1.3271126605004269

111,H,S,1.1094796482998048,1.166709529877188

112,H,S,0.8263596579540352,0.967312602263839

113,H,A,1.0555727999399398,1.0128833346668369

114,H,K,0.7080830407038021,0.9830385420082308

115,H,T,1.0168992686185347,1.094700712526969

116,H,T,0.9871463160120472,1.119383533908962

117,H,P,0.926775437928668,1.1155846054280782

118,H,P,1.2249899686243149,1.2728317397997864

119,H,S,1.0652878365634075,1.173022392961671

120,H,V,1.2712041004178882,1.2849849189484337

121,H,Y,1.1845164452477608,1.2916978339628251

122,H,P,1.1796469339926026,1.3076715050524865

123,H,L,1.3877636512249771,1.3711918385518822

124,H,A,1.0825275455119832,1.201445767767928

125,H,P,1.0360471380813043,1.1131126299165333

126,H,G,0.9275180106277584,0.988874529202998

127,H,C,0.6583204983812261,0.7434082923579345

133,H,S,0.6739970199660745,0.7252170575890234

134,H,S,0.9134235439995495,0.9671856385662967

135,H,V,0.9908348229668443,1.0923330124946737

136,H,T,1.263746990676704,1.2593109345166027

137,H,L,1.2076771719080506,1.3266800239374745

138,H,G,1.40536081537871,1.4615030776989852

139,H,C,1.4236937794115656,1.4661186792972773

140,H,L,1.387887059301534,1.4717326634084358

141,H,V,1.4062074563267521,1.455548126992081

142,H,K,1.2635642671782836,1.3687518288285152

143,H,G,1.183866246046704,1.25063639697346

144,H,Y,1.3583365003582113,1.3682224309436462

145,H,F,1.2195989178758677,1.363002603697991

146,H,P,1.2785202936298496,1.3430025145336801

147,H,E,1.3081961805188869,1.3319763439153867

148,H,S,1.2413884496801093,1.3081730843713157

149,H,V,1.3660366281245628,1.3511132581202159

150,H,T,1.1070114012005359,1.266560295172112

151,H,V,1.3451514517194163,1.3139763533376319

152,H,T,1.0073026304860762,1.1694362766964301

153,H,W,1.287051035442061,1.1398447208125706

154,H,N,0.7955486536066559,0.9051843934726038

161,H,S,1.0330085006717429,1.1295262469947729

162,H,V,1.1468207266554091,1.258957291543622

163,H,H,1.3553390696720669,1.3769633215120998

164,H,T,1.2666653800120915,1.4087226453784798

165,H,F,1.4616996972817557,1.4829074564993872

166,H,P,1.2860862075265398,1.388613823460751

167,H,A,1.341136734114939,1.419033142707304

168,H,L,1.1977449491279897,1.3044441573569232

169,H,L,1.0811921142324439,1.223817778927331

170,H,Q,1.1686483423285872,1.1777354102598085

171,H,S,0.8629210044338942,0.960345306372705

172,H,G,0.9772423484091215,1.0223501406578281

173,H,L,1.1651918662927538,1.2425693043303605

174,H,Y,1.2833651886950492,1.4039665547732731

175,H,T,1.3354927929347287,1.4408032611152497

176,H,M,1.4078063317638971,1.5026234374634837

177,H,S,1.4660790535142605,1.5213217438060582

178,H,S,1.4015073770702542,1.4960813150528551

179,H,S,1.432712856526189,1.4705731432804245

180,H,V,1.248138914730818,1.3445837746723368

181,H,T,1.1503089733249394,1.2309245781299054

182,H,V,1.0285346975468408,1.063458509924818

183,H,P,0.8253916360627207,0.9494765183340911

184,H,S,0.757791234180739,0.929593596749174

185,H,S,0.6430162177228254,0.7732127343541031

186,H,T,0.810662979472261,0.8823726740228213

187,H,W,0.9956264515790889,1.0243180321845768

188,H,P,0.7539815628827312,0.9258374255084303

189,H,S,0.62259752174885,0.7619721775177778

190,H,Q,0.6673486436628268,0.8008064783742115

191,H,T,0.7772783661689241,0.9161805754476018

192,H,V,1.0212696294515962,1.0302155661919714

193,H,T,0.9321661987637947,1.1299704578455463

194,H,C,1.3446560512691847,1.2735159660641384

195,H,S,1.0309088506247592,1.2255592977202645

196,H,V,1.3239428782763754,1.3173988128424803

197,H,A,1.0799039674181166,1.2521044195833742

198,H,H,1.2909504545642054,1.2930225659326693

199,H,P,1.110617903589141,1.1531099865226593

200,H,A,1.1656961611437755,1.1433011277740683

201,H,S,1.1286375129323736,1.0934940872481593

202,H,S,0.776924840094085,1.0127390384747676

203,H,T,0.9928498161051889,1.0403155306181657

204,H,T,0.8586270114006618,1.0498237782831703

205,H,V,1.051046893531096,1.0742378772941201

206,H,D,0.8570966360129081,1.06077427409437

207,H,K,1.079081783273119,1.1070643985288393

208,H,K,0.8622189169110583,1.0273603826279778

209,H,L,1.1257582021890102,1.098189485580317

210,H,E,0.794454324844104,0.8721136109751659

